OrderID,OrderDate,Region,Category,Product,Quantity,UnitPrice,CustomerAge,PaymentMethod,Rating,Revenue,Month
ORD2964,2024-03-28,Central,Books,Widget A,11.0,196.02,21.0,Cash,3.0,2156.22,2024-03
ORD1431,2024-08-22,Central,Clothing,Gadget Y,10.0,127.78,69.0,Upi,3.2,1277.8,2024-08
ORD1707,2024-02-09,West,Sports,Widget B,10.0,98.58,44.0,Debit Card,2.0,985.8,2024-02
ORD1330,2024-03-16,South,Clothing,Gadget X,4.0,75.02,50.0,Debit Card,2.4,300.08,2024-03
ORD1339,2025-03-28,North,Home & Kitchen,Gadget X,9.0,393.52,20.0,Credit Card,2.2,3541.68,2025-03
ORD1921,2024-09-20,South,Toys,Widget A,10.0,369.59,55.0,Cash,3.6,3695.9,2024-09
ORD2167,2024-09-23,North,Clothing,Accessory M,7.0,211.3,35.0,Debit Card,4.4,1479.1,2024-09
ORD2983,2024-07-04,Central,Books,Accessory M,1.0,158.4,51.0,Cash,3.0,158.4,2024-07
ORD2580,2024-12-08,West,Electronics,Item N,14.0,171.67,58.0,Debit Card,2.5,2403.38,2024-12
ORD1375,2024-02-04,West,Clothing,Gizmo Z,14.0,188.65,34.0,Debit Card,1.5,2641.1,2024-02
ORD2446,2024-01-28,East,Clothing,Accessory M,4.0,140.22,27.0,Debit Card,3.3,560.88,2024-01
ORD2104,2025-02-19,South,Toys,Gadget Y,12.0,125.93,68.0,Cash,1.7,1511.16,2025-02
ORD2421,2025-01-05,Central,Toys,Gadget Y,9.0,271.87,38.0,Net Banking,3.6,2446.83,2025-01
ORD2443,2024-03-24,Central,Toys,Item N,7.0,207.03,60.0,Debit Card,1.5,1449.21,2024-03
ORD1700,2025-05-30,Central,Electronics,Device Q,7.0,101.33,48.0,Credit Card,1.6,709.31,2025-05
ORD1423,2024-04-18,Central,Sports,Widget A,11.0,190.62,63.0,Net Banking,4.4,2096.82,2024-04
ORD2470,2024-06-13,South,Home & Kitchen,Gizmo Z,7.0,173.89,60.0,Cash,2.2,1217.23,2024-06
ORD1127,2024-07-08,West,Electronics,Device Q,7.0,365.35,39.0,Cash,2.6,2557.45,2024-07
ORD2774,2025-01-26,East,Toys,Widget A,11.0,170.12,34.0,Debit Card,4.0,1871.32,2025-01
ORD1275,2024-04-13,East,Toys,Widget A,2.0,142.91,38.0,Net Banking,4.1,285.82,2024-04
ORD1470,2024-02-27,South,Books,Accessory M,6.0,161.54,43.0,Credit Card,3.0,969.24,2024-02
ORD1986,2024-01-27,East,Sports,Widget A,14.0,256.22,68.0,Upi,2.1,3587.08,2024-01
ORD1471,2025-04-20,East,Clothing,Device Q,7.0,245.0,45.0,Cash,3.8,1715.0,2025-04
ORD1928,2025-05-05,Central,Sports,Gizmo Z,7.0,355.54,68.0,Net Banking,3.1,2488.78,2025-05
ORD2481,2024-01-01,West,Books,Gadget X,1.0,159.63,66.0,Debit Card,3.0,159.63,2024-01
ORD2819,2025-04-29,East,Toys,Accessory M,10.0,340.13,43.0,Upi,2.1,3401.3,2025-04
ORD2369,2024-03-24,South,Toys,Gadget Y,8.0,93.38,45.0,Net Banking,1.2,747.04,2024-03
ORD2758,2024-07-24,North,Sports,Widget B,12.0,104.2,24.0,Debit Card,3.0,1250.4,2024-07
ORD2487,2024-06-09,West,Clothing,Gadget Y,8.0,140.87,50.0,Upi,2.5,1126.96,2024-06
ORD1328,2025-03-22,East,Home & Kitchen,Gadget Y,8.0,157.74,28.0,Upi,4.2,1261.92,2025-03
ORD2832,2025-02-26,East,Electronics,Accessory M,13.0,169.44,38.0,Upi,3.7,2202.72,2025-02
ORD1657,2024-01-07,East,Sports,Accessory M,12.0,170.44,63.0,Cash,2.9,2045.28,2024-01
ORD1876,2024-12-07,East,Toys,Device Q,9.0,166.21,49.0,Net Banking,4.7,1495.89,2024-12
ORD2389,2024-10-27,East,Electronics,Gizmo Z,8.0,149.7,25.0,Net Banking,4.1,1197.6,2024-10
ORD1110,2025-04-29,West,Sports,Device Q,7.0,227.56,47.0,Net Banking,2.2,1592.92,2025-04
ORD1196,2024-06-08,Central,Toys,Widget B,10.0,176.175,43.0,Debit Card,4.0,1761.75,2024-06
ORD1367,2024-06-16,South,Electronics,Item N,12.0,186.96,36.0,Upi,2.0,2243.52,2024-06
ORD2244,2024-02-06,East,Toys,Gadget X,10.0,267.27,39.0,Debit Card,2.4,2672.7,2024-02
ORD2568,2024-03-25,South,Toys,Item N,5.0,102.63,29.0,Credit Card,1.1,513.15,2024-03
ORD2094,2025-05-07,South,Electronics,Widget A,6.0,169.6,43.0,Net Banking,3.3,1017.6,2025-05
ORD1340,2024-07-22,West,Clothing,Device Q,14.0,177.1,37.0,Upi,1.5,2479.4,2024-07
ORD2132,2025-03-15,East,Books,Gadget X,8.0,83.83,25.0,Credit Card,2.4,670.64,2025-03
ORD2950,2024-08-23,East,Home & Kitchen,Device Q,13.0,192.905,48.0,Cash,2.2,2507.76,2024-08
ORD1983,2024-06-01,West,Toys,Widget B,4.0,424.6474999999999,51.0,Net Banking,1.3,1698.59,2024-06
ORD2516,2024-12-23,South,Electronics,Device Q,4.0,175.0,61.0,Cash,3.6,700.0,2024-12
ORD2072,2025-01-06,West,Clothing,Gadget X,7.0,337.39,27.0,Credit Card,4.5,2361.73,2025-01
ORD1860,2025-06-12,East,Electronics,Accessory M,1.0,132.2,54.0,Credit Card,4.4,132.2,2025-06
ORD1717,2025-03-16,East,Books,Widget A,13.0,424.6474999999999,57.0,Upi,1.1,5520.42,2025-03
ORD1358,2024-09-14,Central,Toys,Gizmo Z,10.0,155.22,36.0,Credit Card,3.1,1552.2,2024-09
ORD2724,2024-04-23,Central,Home & Kitchen,Gadget X,11.0,130.29,43.0,Credit Card,3.2,1433.19,2024-04
ORD1640,2024-02-17,North,Electronics,Item N,12.0,135.74,41.0,Cash,1.7,1628.88,2024-02
ORD2970,2025-05-29,North,Sports,Widget B,3.0,140.65,20.0,Credit Card,1.8,421.95,2025-05
ORD1751,2025-04-03,North,Home & Kitchen,Gizmo Z,14.0,142.13,66.0,Cash,3.0,1989.82,2025-04
ORD1725,2025-02-13,North,Books,Accessory M,3.0,247.7,52.0,Net Banking,2.9,743.1,2025-02
ORD1002,2024-09-27,West,Home & Kitchen,Gizmo Z,11.0,154.03,68.0,Credit Card,4.5,1694.33,2024-09
ORD1862,2024-06-30,North,Sports,Gadget Y,9.0,227.36,55.0,Net Banking,2.0,2046.24,2024-06
ORD2692,2024-09-20,South,Books,Gadget X,2.0,223.64,37.0,Cash,3.3,447.28,2024-09
ORD2947,2024-10-28,West,Electronics,Widget B,10.0,75.43,24.0,Upi,2.4,754.3,2024-10
ORD1997,2024-01-29,Central,Sports,Gadget Y,13.0,132.0,39.0,Upi,4.7,1716.0,2024-01
ORD2691,2024-04-25,West,Toys,Accessory M,1.0,111.54,68.0,Cash,3.0,111.54,2024-04
ORD1259,2024-10-28,Central,Sports,Widget A,1.0,190.62,65.0,Net Banking,4.5,190.62,2024-10
ORD2802,2024-11-24,East,Sports,Gizmo Z,13.0,124.39,37.0,Cash,2.0,1617.07,2024-11
ORD1977,2024-05-07,East,Home & Kitchen,Gadget X,7.0,317.29,18.0,Credit Card,3.8,2221.03,2024-05
ORD2614,2024-11-07,Central,Books,Device Q,13.0,209.21,60.0,Credit Card,4.5,2719.73,2024-11
ORD1802,2024-08-03,East,Clothing,Accessory M,9.0,85.44,45.0,Net Banking,2.0,768.96,2024-08
ORD1933,2025-04-13,North,Sports,Gadget X,12.0,138.22,40.0,Cash,5.0,1658.64,2025-04
ORD1623,2025-06-17,Central,Sports,Accessory M,6.0,289.14,38.0,Cash,4.0,1734.84,2025-06
ORD1415,2024-04-08,West,Books,Widget B,4.0,211.2,44.0,Debit Card,4.5,844.8,2024-04
ORD1108,2024-08-28,West,Toys,Accessory M,10.0,222.72,52.0,Debit Card,4.9,2227.2,2024-08
ORD2259,2024-09-26,Central,Electronics,Item N,2.0,158.61,28.0,Debit Card,2.2,317.22,2024-09
ORD1034,2024-05-10,North,Toys,Accessory M,9.0,163.58,62.0,Debit Card,1.0,1472.22,2024-05
ORD1262,2024-04-25,South,Electronics,Gizmo Z,14.0,224.26,31.0,Net Banking,4.1,3139.64,2024-04
ORD2678,2024-06-08,West,Sports,Widget A,7.0,247.29,43.0,Credit Card,4.0,1731.03,2024-06
ORD1619,2024-02-20,West,Home & Kitchen,Device Q,14.0,315.77,18.0,Upi,3.0,4420.78,2024-02
ORD2208,2024-06-18,North,Home & Kitchen,Gadget Y,13.0,165.86,68.0,Debit Card,2.1,2156.18,2024-06
ORD1419,2025-04-28,South,Toys,Gizmo Z,10.0,253.93,22.0,Net Banking,4.0,2539.3,2025-04
ORD1386,2024-10-03,East,Sports,Device Q,14.0,424.6474999999999,61.0,Upi,4.2,5945.06,2024-10
ORD2037,2025-04-22,Central,Home & Kitchen,Widget B,6.0,280.47,22.0,Cash,3.0,1682.82,2025-04
ORD2027,2024-03-01,South,Home & Kitchen,Gadget X,2.0,213.4,50.0,Cash,4.4,426.8,2024-03
ORD1918,2024-08-26,Central,Books,Gizmo Z,7.0,389.91,29.0,Debit Card,2.5,2729.37,2024-08
ORD2333,2025-06-27,West,Books,Gadget Y,1.0,194.77,25.0,Debit Card,4.6,194.77,2025-06
ORD2371,2024-04-20,West,Home & Kitchen,Accessory M,11.0,81.08,58.0,Debit Card,3.9,891.88,2024-04
ORD2495,2024-05-05,North,Electronics,Accessory M,10.0,146.26,46.0,Credit Card,3.6,1462.6,2024-05
ORD2354,2024-03-30,North,Toys,Accessory M,1.0,143.71,56.0,Credit Card,1.3,143.71,2024-03
ORD2168,2024-11-18,Central,Electronics,Widget A,10.0,309.45,18.0,Debit Card,3.1,3094.5,2024-11
ORD1611,2025-01-08,West,Electronics,Accessory M,1.0,299.17,24.0,Net Banking,2.3,299.17,2025-01
ORD1789,2025-02-23,Central,Clothing,Device Q,1.0,54.84,28.0,Cash,5.0,54.84,2025-02
ORD1571,2024-09-24,East,Books,Gadget X,6.0,368.2,42.0,Debit Card,2.8,2209.2,2024-09
ORD1204,2024-02-23,West,Toys,Widget B,3.0,253.67,62.0,Debit Card,3.9,761.01,2024-02
ORD2050,2025-04-29,Central,Sports,Gizmo Z,8.0,120.65,34.0,Cash,3.9,965.2,2025-04
ORD1229,2025-01-09,West,Books,Gadget Y,7.0,202.24,21.0,Debit Card,2.4,1415.68,2025-01
ORD2973,2025-02-16,North,Clothing,Gizmo Z,4.0,71.0,34.0,Upi,4.7,284.0,2025-02
ORD2744,2024-02-11,North,Home & Kitchen,Accessory M,7.0,197.81,25.0,Upi,3.6,1384.67,2024-02
ORD1185,2024-05-30,West,Toys,Gadget X,11.0,218.64,27.0,Upi,3.4,2405.04,2024-05
ORD1687,2024-02-03,Central,Clothing,Widget A,7.0,188.4,42.0,Net Banking,3.6,1318.8,2024-02
ORD1955,2024-12-29,North,Toys,Gadget X,7.0,106.49,63.0,Credit Card,3.0,745.43,2024-12
ORD2945,2024-05-28,East,Home & Kitchen,Widget A,5.0,122.89,64.0,Net Banking,3.0,614.45,2024-05
ORD2461,2024-09-13,South,Sports,Gizmo Z,1.0,295.95,67.0,Upi,4.7,295.95,2024-09
ORD1705,2024-08-30,West,Sports,Gizmo Z,12.0,124.42,29.0,Debit Card,1.6,1493.04,2024-08
ORD2739,2024-04-10,East,Electronics,Accessory M,10.0,141.5,69.0,Net Banking,4.9,1415.0,2024-04
ORD1351,2024-06-28,West,Clothing,Accessory M,11.0,265.54,51.0,Debit Card,3.0,2920.94,2024-06
ORD1308,2024-12-15,East,Books,Gadget X,3.0,302.72,39.0,Upi,1.5,908.16,2024-12
ORD2829,2025-02-08,East,Electronics,Widget A,13.0,168.42,46.0,Debit Card,3.7,2189.46,2025-02
ORD1832,2025-01-12,East,Sports,Item N,5.0,58.37,40.0,Net Banking,1.9,291.85,2025-01
ORD1684,2024-08-15,North,Clothing,Gizmo Z,7.0,236.32,41.0,Upi,3.1,1654.24,2024-08
ORD1237,2024-08-13,South,Clothing,Widget A,10.0,252.2,32.0,Credit Card,3.2,2522.0,2024-08
ORD1879,2024-12-25,South,Toys,Gadget Y,6.0,234.21,31.0,Debit Card,2.8,1405.26,2024-12
ORD1978,2024-02-11,West,Electronics,Item N,2.0,376.34,31.0,Cash,3.1,752.68,2024-02
ORD2165,2024-11-24,Central,Electronics,Widget A,7.0,226.33,42.0,Credit Card,5.0,1584.31,2024-11
ORD2465,2024-11-08,East,Books,Device Q,3.0,123.28,36.0,Net Banking,4.5,369.84,2024-11
ORD2559,2024-05-22,West,Sports,Widget B,12.0,196.87,39.0,Credit Card,2.6,2362.44,2024-05
ORD1681,2024-04-18,Central,Books,Gadget Y,9.0,142.58,31.0,Cash,2.9,1283.22,2024-04
ORD1912,2024-12-14,East,Clothing,Gadget Y,11.0,239.43,26.0,Debit Card,1.9,2633.73,2024-12
ORD1824,2024-05-20,West,Books,Item N,7.0,229.67,32.0,Cash,1.5,1607.69,2024-05
ORD1200,2024-07-26,South,Toys,Widget B,8.0,424.6474999999999,43.0,Cash,3.0,3397.18,2024-07
ORD2756,2024-05-09,North,Electronics,Gadget Y,2.0,210.22,35.0,Upi,2.4,420.44,2024-05
ORD2499,2024-02-08,West,Books,Device Q,1.0,163.98,54.0,Cash,2.2,163.98,2024-02
ORD1140,2025-04-16,South,Sports,Widget A,2.0,245.81,23.0,Upi,4.1,491.62,2025-04
ORD1596,2024-05-12,West,Toys,Widget B,1.0,289.53,42.0,Debit Card,4.1,289.53,2024-05
ORD1037,2024-06-15,East,Home & Kitchen,Item N,8.0,314.91,68.0,Upi,3.5,2519.28,2024-06
ORD2133,2024-11-14,South,Home & Kitchen,Widget A,8.0,232.95,57.0,Net Banking,3.7,1863.6,2024-11
ORD2210,2024-07-09,Central,Sports,Device Q,13.0,90.61,20.0,Debit Card,3.1,1177.93,2024-07
ORD2490,2025-05-04,Central,Toys,Widget A,13.0,108.7,46.0,Net Banking,3.9,1413.1,2025-05
ORD1397,2024-08-04,North,Electronics,Widget A,14.0,189.95,64.0,Upi,3.1,2659.3,2024-08
ORD1820,2024-10-28,East,Clothing,Item N,14.0,177.07,30.0,Credit Card,2.3,2478.98,2024-10
ORD1058,2025-02-05,North,Toys,Accessory M,3.0,140.07,43.0,Debit Card,3.5,420.21,2025-02
ORD2787,2024-05-09,Central,Toys,Gizmo Z,9.0,176.175,39.0,Cash,4.9,1585.58,2024-05
ORD2523,2024-04-28,West,Clothing,Gadget X,14.0,84.44,29.0,Net Banking,1.9,1182.16,2024-04
ORD1895,2025-01-05,Central,Clothing,Item N,8.0,247.47,69.0,Credit Card,3.1,1979.76,2025-01
ORD1206,2025-02-23,East,Books,Widget B,10.0,218.85,18.0,Cash,2.9,2188.5,2025-02
ORD2985,2024-09-17,East,Toys,Widget B,11.0,184.07,36.0,Upi,3.9,2024.77,2024-09
ORD1430,2024-08-02,Central,Home & Kitchen,Gadget X,3.0,104.91,22.0,Cash,4.0,314.73,2024-08
ORD1300,2024-10-31,Central,Home & Kitchen,Device Q,3.0,121.74,60.0,Debit Card,3.7,365.22,2024-10
ORD1660,2025-05-22,South,Electronics,Item N,14.0,144.5,38.0,Net Banking,3.0,2023.0,2025-05
ORD2375,2025-04-03,East,Books,Item N,10.0,179.04,28.0,Credit Card,4.1,1790.4,2025-04
ORD2784,2025-01-24,West,Books,Gadget X,2.0,262.0,41.0,Credit Card,2.8,524.0,2025-01
ORD1412,2025-01-01,North,Sports,Widget B,8.0,130.7,52.0,Upi,1.8,1045.6,2025-01
ORD2113,2025-01-11,Central,Sports,Gadget X,12.0,96.7,69.0,Debit Card,4.3,1160.4,2025-01
ORD1007,2025-04-11,North,Toys,Device Q,12.0,61.02,56.0,Credit Card,4.4,732.24,2025-04
ORD1350,2024-04-09,East,Sports,Gadget X,12.0,424.6474999999999,28.0,Cash,3.2,5095.77,2024-04
ORD1721,2025-03-10,North,Books,Gadget X,10.0,141.25,46.0,Net Banking,2.4,1412.5,2025-03
ORD2010,2024-11-07,North,Sports,Accessory M,6.0,284.6,50.0,Upi,4.4,1707.6,2024-11
ORD2841,2024-06-12,South,Books,Gadget X,6.0,202.18,31.0,Credit Card,1.2,1213.08,2024-06
ORD1507,2024-11-25,East,Books,Widget B,3.0,179.89,53.0,Debit Card,3.8,539.67,2024-11
ORD1020,2024-07-10,West,Toys,Accessory M,14.0,219.95,67.0,Net Banking,4.4,3079.3,2024-07
ORD1506,2024-01-12,South,Toys,Gadget Y,12.0,138.96,44.0,Upi,1.5,1667.52,2024-01
ORD2880,2025-01-19,East,Toys,Item N,9.0,193.6,46.0,Net Banking,1.4,1742.4,2025-01
ORD2067,2025-06-02,West,Home & Kitchen,Widget B,8.0,246.75,24.0,Debit Card,3.8,1974.0,2025-06
ORD1586,2025-03-10,East,Clothing,Device Q,3.0,194.12,38.0,Cash,1.5,582.36,2025-03
ORD1833,2024-02-20,Central,Electronics,Device Q,11.0,250.98,60.0,Debit Card,3.2,2760.78,2024-02
ORD1500,2024-05-22,West,Books,Item N,6.0,238.68,69.0,Debit Card,3.0,1432.08,2024-05
ORD2539,2024-08-07,East,Books,Accessory M,11.0,242.25,19.0,Debit Card,2.6,2664.75,2024-08
ORD2153,2025-06-04,Central,Home & Kitchen,Device Q,13.0,150.04,68.0,Net Banking,1.7,1950.52,2025-06
ORD2813,2024-08-08,West,Electronics,Widget A,10.0,153.32,55.0,Credit Card,3.6,1533.2,2024-08
ORD2765,2024-04-19,East,Home & Kitchen,Gadget Y,12.0,228.8,20.0,Upi,3.7,2745.6,2024-04
ORD2817,2024-08-18,North,Books,Gadget X,3.0,99.5,60.0,Debit Card,4.8,298.5,2024-08
ORD2949,2024-08-25,Central,Clothing,Gadget X,6.0,164.32,32.0,Credit Card,3.4,985.92,2024-08
ORD1943,2025-06-06,East,Clothing,Gadget X,1.0,236.37,34.0,Debit Card,2.6,236.37,2025-06
ORD1540,2024-08-04,East,Home & Kitchen,Device Q,11.0,192.905,25.0,Upi,3.1,2121.96,2024-08
ORD1740,2024-01-13,Central,Books,Item N,10.0,424.6474999999999,44.0,Credit Card,2.2,4246.47,2024-01
ORD2564,2024-10-17,North,Books,Device Q,6.0,294.61,18.0,Upi,4.6,1767.66,2024-10
ORD1396,2024-10-05,West,Books,Gadget X,7.0,424.6474999999999,35.0,Debit Card,3.0,2972.53,2024-10
ORD2520,2024-06-23,North,Books,Device Q,14.0,159.35,23.0,Cash,1.7,2230.9,2024-06
ORD2058,2025-06-21,West,Clothing,Gadget X,5.0,210.97,24.0,Cash,3.8,1054.85,2025-06
ORD2256,2024-04-29,West,Books,Widget A,1.0,225.1,24.0,Credit Card,2.1,225.1,2024-04
ORD2792,2025-04-11,West,Toys,Gadget Y,4.0,210.34,57.0,Cash,2.4,841.36,2025-04
ORD1172,2024-05-03,East,Books,Accessory M,12.0,124.32,67.0,Debit Card,4.3,1491.84,2024-05
ORD2534,2024-10-13,North,Home & Kitchen,Gadget Y,14.0,204.3,64.0,Debit Card,1.1,2860.2,2024-10
ORD2659,2025-01-08,Central,Toys,Device Q,4.0,207.12,62.0,Upi,3.2,828.48,2025-01
ORD1514,2024-03-30,Central,Toys,Widget B,7.0,309.68,43.0,Cash,1.8,2167.76,2024-03
ORD2928,2024-09-29,Central,Sports,Accessory M,9.0,153.11,36.0,Debit Card,1.7,1377.99,2024-09
ORD1620,2025-02-06,North,Home & Kitchen,Gadget Y,6.0,164.96,59.0,Cash,3.2,989.76,2025-02
ORD2775,2025-06-20,Central,Sports,Item N,5.0,161.1,34.0,Net Banking,4.7,805.5,2025-06
ORD1051,2024-07-24,West,Sports,Accessory M,2.0,424.6474999999999,64.0,Net Banking,3.5,849.29,2024-07
ORD1036,2024-01-21,Central,Books,Accessory M,4.0,56.88,49.0,Credit Card,1.3,227.52,2024-01
ORD1779,2024-02-08,Central,Home & Kitchen,Item N,5.0,260.71,45.0,Debit Card,1.4,1303.55,2024-02
ORD2295,2025-06-10,South,Books,Gadget X,5.0,248.28,44.0,Net Banking,1.9,1241.4,2025-06
ORD1653,2025-01-20,East,Books,Gadget Y,3.0,210.12,39.0,Net Banking,3.0,630.36,2025-01
ORD1217,2024-06-11,West,Electronics,Widget A,2.0,149.86,27.0,Debit Card,4.4,299.72,2024-06
ORD1284,2025-05-20,South,Toys,Widget B,13.0,80.63,43.0,Net Banking,3.1,1048.19,2025-05
ORD2668,2024-06-15,Central,Toys,Accessory M,6.0,120.65,57.0,Cash,4.2,723.9,2024-06
ORD2753,2024-03-13,East,Toys,Accessory M,2.0,159.67,59.0,Cash,1.6,319.34,2024-03
ORD2277,2024-02-08,South,Sports,Widget A,14.0,190.62,66.0,Debit Card,3.7,2668.68,2024-02
ORD1830,2024-05-06,Central,Clothing,Gadget Y,8.0,197.09,60.0,Credit Card,2.7,1576.72,2024-05
ORD2332,2024-06-14,West,Home & Kitchen,Widget B,13.0,288.27,39.0,Net Banking,1.9,3747.51,2024-06
ORD1374,2025-05-13,South,Home & Kitchen,Item N,5.0,313.26,57.0,Debit Card,4.9,1566.3,2025-05
ORD1984,2025-01-12,Central,Books,Gizmo Z,11.0,208.84,53.0,Credit Card,3.0,2297.24,2025-01
ORD1410,2025-01-18,Central,Clothing,Gizmo Z,6.0,189.11,42.0,Debit Card,2.8,1134.66,2025-01
ORD2996,2024-08-18,Central,Toys,Widget B,7.0,201.08,24.0,Upi,1.0,1407.56,2024-08
ORD2850,2025-02-25,Central,Sports,Accessory M,7.0,110.38,43.0,Credit Card,4.7,772.66,2025-02
ORD2330,2024-12-31,North,Sports,Item N,1.0,172.29,38.0,Debit Card,4.7,172.29,2024-12
ORD1146,2025-05-24,South,Clothing,Item N,2.0,309.45,51.0,Net Banking,1.2,618.9,2025-05
ORD1613,2024-12-25,North,Clothing,Widget B,14.0,359.82,26.0,Credit Card,3.4,5037.48,2024-12
ORD2467,2024-04-30,West,Electronics,Gadget X,5.0,75.69,59.0,Debit Card,3.3,378.45,2024-04
ORD2275,2025-01-31,South,Clothing,Gadget Y,1.0,192.62,63.0,Upi,2.9,192.62,2025-01
ORD1360,2024-06-08,West,Electronics,Accessory M,2.0,254.19,30.0,Credit Card,4.7,508.38,2024-06
ORD2179,2024-08-13,South,Clothing,Accessory M,12.0,330.93,46.0,Debit Card,3.0,3971.16,2024-08
ORD2164,2024-03-29,South,Electronics,Item N,8.0,318.66,32.0,Net Banking,1.0,2549.28,2024-03
ORD2889,2024-08-15,West,Clothing,Widget A,6.0,238.79,29.0,Credit Card,2.8,1432.74,2024-08
ORD2828,2025-01-20,Central,Books,Gadget X,12.0,338.68,43.0,Cash,1.6,4064.16,2025-01
ORD1241,2025-03-28,East,Clothing,Item N,7.0,186.02,58.0,Cash,5.0,1302.14,2025-03
ORD1492,2024-08-14,West,Electronics,Gadget X,2.0,202.0,65.0,Credit Card,3.4,404.0,2024-08
ORD2432,2025-06-09,South,Sports,Widget B,3.0,388.33,45.0,Credit Card,2.4,1164.99,2025-06
ORD2293,2025-05-21,Central,Electronics,Gadget X,6.0,395.88,22.0,Upi,1.6,2375.28,2025-05
ORD2763,2024-06-12,East,Clothing,Gizmo Z,13.0,237.99,50.0,Net Banking,1.9,3093.87,2024-06
ORD2338,2025-01-26,North,Electronics,Gadget X,9.0,249.98,47.0,Cash,2.1,2249.82,2025-01
ORD2863,2024-01-10,South,Toys,Widget B,11.0,255.88,27.0,Net Banking,4.2,2814.68,2024-01
ORD2034,2024-04-17,North,Sports,Widget A,2.0,261.47,51.0,Upi,1.6,522.94,2024-04
ORD2912,2024-06-17,East,Home & Kitchen,Device Q,8.0,221.82,61.0,Debit Card,3.7,1774.56,2024-06
ORD2650,2025-03-30,West,Toys,Widget A,14.0,149.88,48.0,Net Banking,2.9,2098.32,2025-03
ORD2323,2024-12-09,South,Sports,Item N,2.0,200.19,22.0,Upi,2.3,400.38,2024-12
ORD2151,2024-02-23,East,Toys,Widget B,1.0,173.64,47.0,Debit Card,2.5,173.64,2024-02
ORD2442,2024-08-18,East,Books,Accessory M,2.0,231.97,68.0,Upi,3.0,463.94,2024-08
ORD1739,2024-06-20,East,Books,Item N,8.0,189.27,54.0,Debit Card,3.0,1514.16,2024-06
ORD2877,2025-05-19,Central,Clothing,Widget A,10.0,198.31,23.0,Upi,2.1,1983.1,2025-05
ORD1141,2024-08-20,South,Toys,Gadget Y,9.0,176.175,33.0,Upi,2.8,1585.58,2024-08
ORD1565,2024-03-12,South,Sports,Widget B,7.0,243.71,41.0,Upi,4.6,1705.97,2024-03
ORD1868,2024-10-11,West,Electronics,Widget B,9.0,199.52,47.0,Credit Card,1.0,1795.68,2024-10
ORD2885,2024-05-27,West,Clothing,Gadget Y,8.0,136.7,43.0,Cash,3.4,1093.6,2024-05
ORD1837,2024-10-23,North,Electronics,Gadget X,12.0,162.22,55.0,Upi,2.0,1946.64,2024-10
ORD2891,2025-02-02,West,Toys,Accessory M,4.0,264.31,23.0,Debit Card,3.7,1057.24,2025-02
ORD2715,2024-05-28,East,Sports,Accessory M,3.0,168.69,32.0,Debit Card,3.3,506.07,2024-05
ORD2599,2024-06-04,North,Clothing,Gadget Y,9.0,322.52,22.0,Upi,3.0,2902.68,2024-06
ORD2884,2024-01-17,West,Clothing,Gizmo Z,12.0,240.28,51.0,Cash,3.0,2883.36,2024-01
ORD2049,2024-03-21,East,Sports,Widget A,10.0,424.6474999999999,25.0,Credit Card,3.0,4246.47,2024-03
ORD2427,2024-01-21,North,Home & Kitchen,Gizmo Z,2.0,192.905,32.0,Credit Card,2.6,385.81,2024-01
ORD2844,2025-01-29,Central,Toys,Item N,12.0,176.175,38.0,Credit Card,4.1,2114.1,2025-01
ORD1572,2024-02-23,North,Clothing,Device Q,5.0,351.08,18.0,Debit Card,1.5,1755.4,2024-02
ORD2872,2025-03-24,East,Books,Widget A,1.0,191.79,49.0,Upi,1.3,191.79,2025-03
ORD1694,2024-11-10,Central,Clothing,Device Q,6.0,280.5,43.0,Upi,4.5,1683.0,2024-11
ORD2285,2025-06-22,Central,Electronics,Widget B,13.0,302.98,32.0,Upi,2.7,3938.74,2025-06
ORD1501,2025-02-18,North,Toys,Widget B,10.0,217.59,65.0,Upi,3.7,2175.9,2025-02
ORD1517,2025-06-23,North,Clothing,Item N,11.0,424.6474999999999,63.0,Debit Card,4.0,4671.12,2025-06
ORD2682,2025-01-15,Central,Books,Widget A,12.0,242.43,22.0,Upi,3.3,2909.16,2025-01
ORD1556,2025-04-01,North,Sports,Gadget Y,12.0,192.26,48.0,Cash,4.0,2307.12,2025-04
ORD1179,2025-05-25,North,Clothing,Accessory M,5.0,188.4,53.0,Debit Card,1.6,942.0,2025-05
ORD1438,2024-06-22,Central,Books,Item N,2.0,300.15,26.0,Upi,1.8,600.3,2024-06
ORD1488,2024-03-20,North,Home & Kitchen,Device Q,11.0,96.28,40.0,Upi,4.2,1059.08,2024-03
ORD2476,2024-11-29,South,Clothing,Gadget X,4.0,101.49,64.0,Upi,2.8,405.96,2024-11
ORD2992,2025-04-17,North,Electronics,Accessory M,14.0,182.375,22.0,Cash,3.2,2553.25,2025-04
ORD2118,2024-01-03,East,Toys,Gadget Y,1.0,149.48,23.0,Net Banking,3.0,149.48,2024-01
ORD1353,2025-03-17,North,Toys,Gadget X,4.0,424.6474999999999,37.0,Debit Card,1.2,1698.59,2025-03
ORD1299,2024-12-07,West,Books,Widget A,1.0,152.54,40.0,Cash,4.3,152.54,2024-12
ORD2713,2024-11-16,North,Home & Kitchen,Gadget X,12.0,141.74,43.0,Upi,1.3,1700.88,2024-11
ORD2246,2024-07-14,South,Clothing,Gadget X,1.0,251.63,43.0,Credit Card,3.4,251.63,2024-07
ORD1454,2024-08-04,Central,Toys,Accessory M,3.0,261.05,34.0,Credit Card,2.0,783.15,2024-08
ORD1593,2025-06-25,North,Sports,Item N,8.0,239.04,54.0,Debit Card,2.2,1912.32,2025-06
ORD2447,2024-03-06,South,Home & Kitchen,Gadget X,9.0,394.86,29.0,Upi,2.8,3553.74,2024-03
ORD1325,2024-08-24,West,Toys,Gadget Y,6.0,231.68,31.0,Debit Card,1.1,1390.08,2024-08
ORD1071,2025-01-14,North,Toys,Device Q,5.0,179.49,26.0,Upi,1.2,897.45,2025-01
ORD1527,2024-01-10,West,Home & Kitchen,Widget B,4.0,260.93,27.0,Net Banking,2.9,1043.72,2024-01
ORD1768,2025-02-05,East,Books,Accessory M,14.0,125.85,37.0,Net Banking,1.8,1761.9,2025-02
ORD2401,2025-03-20,North,Electronics,Accessory M,4.0,182.375,50.0,Net Banking,2.1,729.5,2025-03
ORD2618,2024-02-05,East,Books,Widget A,5.0,160.9,22.0,Debit Card,3.8,804.5,2024-02
ORD2903,2024-05-17,Central,Toys,Widget B,3.0,93.21,64.0,Cash,3.9,279.63,2024-05
ORD2610,2024-12-16,West,Home & Kitchen,Item N,12.0,203.65,31.0,Upi,3.2,2443.8,2024-12
ORD2921,2024-06-08,Central,Sports,Item N,4.0,391.39,26.0,Debit Card,3.1,1565.56,2024-06
ORD2968,2025-02-24,South,Toys,Gadget Y,8.0,269.33,48.0,Cash,4.6,2154.64,2025-02
ORD2137,2024-03-02,Central,Toys,Gadget X,8.0,155.28,22.0,Cash,2.6,1242.24,2024-03
ORD1729,2024-04-22,Central,Toys,Gizmo Z,10.0,169.85,22.0,Debit Card,1.4,1698.5,2024-04
ORD2089,2025-05-30,North,Sports,Gizmo Z,14.0,162.55,67.0,Net Banking,2.4,2275.7,2025-05
ORD2488,2024-07-24,East,Sports,Accessory M,12.0,228.86,66.0,Credit Card,1.2,2746.32,2024-07
ORD2882,2025-02-11,South,Toys,Gizmo Z,3.0,288.84,34.0,Upi,2.8,866.52,2025-02
ORD1544,2025-05-25,South,Sports,Gizmo Z,5.0,219.85,55.0,Net Banking,1.5,1099.25,2025-05
ORD1116,2025-06-08,North,Electronics,Widget B,6.0,162.84,52.0,Cash,1.3,977.04,2025-06
ORD2693,2025-03-17,North,Toys,Item N,7.0,122.25,32.0,Debit Card,3.0,855.75,2025-03
ORD2159,2024-05-24,North,Electronics,Gizmo Z,1.0,141.48,64.0,Debit Card,1.3,141.48,2024-05
ORD1004,2024-03-12,South,Toys,Device Q,10.0,195.79,69.0,Cash,4.8,1957.9,2024-03
ORD1311,2025-01-04,West,Home & Kitchen,Item N,5.0,307.72,32.0,Credit Card,3.2,1538.6,2025-01
ORD1046,2025-01-01,West,Electronics,Widget B,8.0,203.97,43.0,Net Banking,1.3,1631.76,2025-01
ORD1341,2024-08-05,Central,Sports,Gadget Y,14.0,228.4,27.0,Cash,2.5,3197.6,2024-08
ORD2200,2024-08-03,West,Home & Kitchen,Device Q,2.0,204.2,42.0,Cash,4.7,408.4,2024-08
ORD1835,2025-04-06,East,Home & Kitchen,Device Q,8.0,91.76,19.0,Net Banking,1.3,734.08,2025-04
ORD1887,2024-10-31,North,Electronics,Gizmo Z,8.0,107.53,20.0,Upi,4.8,860.24,2024-10
ORD2399,2024-02-28,East,Books,Gadget Y,12.0,329.54,51.0,Credit Card,4.3,3954.48,2024-02
ORD2595,2024-11-29,West,Clothing,Widget B,4.0,238.07,43.0,Upi,1.5,952.28,2024-11
ORD1278,2024-06-24,Central,Home & Kitchen,Gadget Y,5.0,148.55,43.0,Debit Card,3.4,742.75,2024-06
ORD2631,2024-01-10,North,Books,Gadget Y,7.0,170.02,54.0,Credit Card,2.3,1190.14,2024-01
ORD2022,2025-05-15,East,Books,Widget B,7.0,96.28,39.0,Debit Card,4.3,673.96,2025-05
ORD1638,2024-12-15,East,Clothing,Accessory M,2.0,311.75,43.0,Debit Card,4.0,623.5,2024-12
ORD2620,2025-03-27,East,Sports,Widget A,12.0,94.43,33.0,Upi,2.9,1133.16,2025-03
ORD2974,2024-01-30,East,Home & Kitchen,Device Q,14.0,97.05,27.0,Debit Card,1.7,1358.7,2024-01
ORD1194,2025-03-28,South,Books,Widget A,9.0,169.18,35.0,Debit Card,2.2,1522.62,2025-03
ORD2931,2025-05-02,West,Home & Kitchen,Widget B,6.0,197.12,59.0,Upi,3.5,1182.72,2025-05
ORD1806,2024-06-05,North,Home & Kitchen,Item N,2.0,129.19,22.0,Debit Card,2.8,258.38,2024-06
ORD2638,2025-06-14,Central,Clothing,Accessory M,2.0,222.85,38.0,Debit Card,4.8,445.7,2025-06
ORD2518,2025-05-09,Central,Toys,Widget A,11.0,127.1,57.0,Credit Card,2.8,1398.1,2025-05
ORD1372,2024-10-28,East,Home & Kitchen,Item N,13.0,413.76,69.0,Credit Card,4.7,5378.88,2024-10
ORD1800,2024-06-07,East,Clothing,Widget A,10.0,100.18,39.0,Credit Card,2.0,1001.8,2024-06
ORD1504,2024-09-15,Central,Toys,Device Q,14.0,264.37,69.0,Cash,2.1,3701.18,2024-09
ORD2816,2025-02-25,East,Sports,Accessory M,9.0,364.43,59.0,Cash,4.4,3279.87,2025-02
ORD2301,2024-07-26,West,Electronics,Gizmo Z,10.0,108.93,61.0,Cash,4.9,1089.3,2024-07
ORD2226,2025-06-08,South,Clothing,Item N,14.0,125.03,43.0,Net Banking,1.8,1750.42,2025-06
ORD1298,2024-11-09,Central,Books,Accessory M,1.0,175.32,37.0,Credit Card,3.0,175.32,2024-11
ORD2198,2024-10-15,North,Home & Kitchen,Accessory M,14.0,114.13,31.0,Credit Card,2.4,1597.82,2024-10
ORD1450,2024-12-07,North,Clothing,Gizmo Z,12.0,63.62,61.0,Upi,2.2,763.44,2024-12
ORD2042,2024-01-17,North,Books,Widget A,8.0,110.32,38.0,Cash,3.1,882.56,2024-01
ORD1109,2024-04-05,South,Home & Kitchen,Gadget Y,1.0,232.72,45.0,Cash,2.4,232.72,2024-04
ORD1817,2024-05-13,North,Sports,Gadget X,14.0,92.12,22.0,Cash,2.2,1289.68,2024-05
ORD2944,2025-06-13,South,Toys,Device Q,12.0,424.6474999999999,23.0,Debit Card,2.7,5095.77,2025-06
ORD2297,2024-06-11,Central,Toys,Gadget Y,6.0,175.83,47.0,Credit Card,2.0,1054.98,2024-06
ORD1426,2025-02-01,East,Books,Widget A,13.0,186.655,36.0,Cash,4.5,2426.52,2025-02
ORD1562,2024-02-03,Central,Toys,Gadget Y,8.0,272.17,32.0,Net Banking,3.9,2177.36,2024-02
ORD1595,2024-03-21,North,Home & Kitchen,Widget B,1.0,311.82,61.0,Net Banking,1.6,311.82,2024-03
ORD2656,2024-09-10,South,Sports,Device Q,5.0,178.58,21.0,Debit Card,2.6,892.9,2024-09
ORD1095,2024-02-17,East,Toys,Item N,2.0,125.92,63.0,Cash,1.7,251.84,2024-02
ORD2890,2025-03-11,East,Toys,Gadget Y,1.0,155.4,52.0,Upi,2.6,155.4,2025-03
ORD2719,2024-06-09,North,Books,Widget B,9.0,178.39,66.0,Net Banking,3.0,1605.51,2024-06
ORD1019,2025-01-20,Central,Sports,Widget A,4.0,133.97,51.0,Credit Card,4.3,535.88,2025-01
ORD1691,2024-10-08,Central,Home & Kitchen,Gizmo Z,14.0,120.22,24.0,Cash,2.8,1683.08,2024-10
ORD2051,2025-01-08,North,Books,Device Q,9.0,183.37,26.0,Debit Card,2.1,1650.33,2025-01
ORD2348,2024-01-02,South,Electronics,Widget A,12.0,424.6474999999999,61.0,Credit Card,1.8,5095.77,2024-01
ORD1946,2024-04-28,South,Books,Widget B,12.0,308.84,67.0,Cash,1.9,3706.08,2024-04
ORD2281,2024-05-09,North,Sports,Widget B,10.0,249.71,59.0,Upi,1.4,2497.1,2024-05
ORD2158,2024-03-02,West,Toys,Gadget Y,1.0,77.55,67.0,Credit Card,3.0,77.55,2024-03
ORD2673,2024-03-10,East,Electronics,Gadget Y,10.0,169.19,62.0,Net Banking,4.5,1691.9,2024-03
ORD2773,2025-04-26,East,Books,Accessory M,11.0,84.85,68.0,Credit Card,2.8,933.35,2025-04
ORD2941,2024-02-08,Central,Toys,Widget B,13.0,271.8,44.0,Upi,4.6,3533.4,2024-02
ORD1222,2025-01-26,South,Clothing,Gadget Y,9.0,98.02,36.0,Cash,1.6,882.18,2025-01
ORD2435,2025-01-09,Central,Sports,Gadget X,13.0,166.75,45.0,Upi,2.8,2167.75,2025-01
ORD1738,2024-09-17,South,Sports,Widget B,11.0,178.78,22.0,Upi,3.4,1966.58,2024-09
ORD2793,2024-12-10,Central,Home & Kitchen,Gadget Y,13.0,112.05,18.0,Upi,4.5,1456.65,2024-12
ORD1925,2024-03-18,East,Toys,Device Q,2.0,271.72,35.0,Net Banking,4.4,543.44,2024-03
ORD1111,2025-02-10,South,Sports,Item N,14.0,190.62,43.0,Debit Card,4.6,2668.68,2025-02
ORD1945,2025-04-15,Central,Home & Kitchen,Gadget Y,10.0,141.92,34.0,Upi,2.9,1419.2,2025-04
ORD2039,2025-06-07,Central,Home & Kitchen,Device Q,14.0,327.71,27.0,Upi,2.7,4587.94,2025-06
ORD2554,2024-11-26,East,Electronics,Gizmo Z,4.0,138.87,46.0,Upi,4.7,555.48,2024-11
ORD2139,2024-06-01,South,Toys,Widget B,3.0,329.54,57.0,Debit Card,4.2,988.62,2024-06
ORD1313,2024-04-29,Central,Home & Kitchen,Item N,6.0,216.74,51.0,Upi,2.6,1300.44,2024-04
ORD1287,2024-11-16,Central,Home & Kitchen,Gizmo Z,6.0,183.82,54.0,Net Banking,3.0,1102.92,2024-11
ORD2361,2024-01-09,East,Sports,Accessory M,9.0,123.12,22.0,Credit Card,4.0,1108.08,2024-01
ORD2593,2024-05-20,North,Sports,Device Q,8.0,89.27,33.0,Debit Card,3.0,714.16,2024-05
ORD2122,2024-11-19,East,Toys,Device Q,11.0,366.54,30.0,Cash,4.8,4031.94,2024-11
ORD2909,2024-11-24,East,Home & Kitchen,Item N,4.0,272.64,44.0,Cash,4.1,1090.56,2024-11
ORD2808,2025-02-03,East,Books,Accessory M,14.0,299.08,39.0,Credit Card,3.0,4187.12,2025-02
ORD1463,2024-03-31,West,Books,Device Q,13.0,159.77,64.0,Cash,3.1,2077.01,2024-03
ORD1635,2024-08-01,East,Home & Kitchen,Accessory M,6.0,36.92,60.0,Upi,3.3,221.52,2024-08
ORD2510,2024-12-01,Central,Electronics,Gizmo Z,7.0,182.375,42.0,Debit Card,4.2,1276.62,2024-12
ORD2700,2025-03-21,West,Toys,Widget A,1.0,145.48,44.0,Upi,2.4,145.48,2025-03
ORD2231,2024-12-25,Central,Clothing,Widget B,10.0,188.4,52.0,Debit Card,2.6,1884.0,2024-12
ORD1361,2025-04-19,West,Clothing,Gadget X,1.0,328.38,35.0,Upi,4.6,328.38,2025-04
ORD2205,2024-12-18,North,Sports,Gadget X,7.0,63.43,18.0,Upi,1.9,444.01,2024-12
ORD1455,2024-10-27,Central,Home & Kitchen,Gadget Y,4.0,91.09,53.0,Net Banking,2.9,364.36,2024-10
ORD1017,2025-05-06,South,Toys,Gadget X,4.0,355.71,65.0,Net Banking,3.1,1422.84,2025-05
ORD1885,2024-02-01,North,Home & Kitchen,Widget A,7.0,61.08,34.0,Net Banking,3.2,427.56,2024-02
ORD2438,2025-05-16,West,Home & Kitchen,Accessory M,10.0,124.38,65.0,Net Banking,1.6,1243.8,2025-05
ORD1377,2025-02-21,East,Electronics,Accessory M,1.0,424.6474999999999,39.0,Debit Card,3.7,424.65,2025-02
ORD1828,2024-11-19,West,Books,Accessory M,14.0,333.13,26.0,Net Banking,1.0,4663.82,2024-11
ORD2458,2024-01-10,North,Sports,Gadget X,10.0,234.51,43.0,Net Banking,2.5,2345.1,2024-01
ORD2797,2025-04-07,East,Books,Item N,4.0,114.82,41.0,Credit Card,3.0,459.28,2025-04
ORD2283,2024-01-22,Central,Clothing,Gizmo Z,1.0,156.98,20.0,Debit Card,4.0,156.98,2024-01
ORD1861,2024-06-27,North,Clothing,Accessory M,4.0,82.68,44.0,Net Banking,1.4,330.72,2024-06
ORD2002,2024-04-22,East,Sports,Accessory M,2.0,135.37,44.0,Upi,2.6,270.74,2024-04
ORD1054,2024-01-02,West,Sports,Item N,7.0,180.03,69.0,Credit Card,3.2,1260.21,2024-01
ORD1263,2024-07-09,East,Sports,Gadget Y,5.0,85.66,34.0,Cash,3.0,428.3,2024-07
ORD1101,2024-08-05,Central,Home & Kitchen,Accessory M,10.0,129.95,43.0,Cash,1.5,1299.5,2024-08
ORD1286,2024-01-20,East,Home & Kitchen,Widget B,13.0,142.09,33.0,Net Banking,4.0,1847.17,2024-01
ORD2123,2024-05-25,Central,Electronics,Widget B,6.0,286.75,29.0,Cash,1.7,1720.5,2024-05
ORD1249,2024-06-06,Central,Toys,Gadget Y,5.0,86.76,34.0,Cash,4.4,433.8,2024-06
ORD2182,2024-11-23,East,Sports,Widget B,4.0,190.35,53.0,Cash,3.1,761.4,2024-11
ORD2345,2024-03-26,South,Clothing,Accessory M,3.0,206.96,69.0,Cash,1.5,620.88,2024-03
ORD2463,2024-10-02,North,Books,Gadget X,8.0,149.08,53.0,Credit Card,1.8,1192.64,2024-10
ORD2958,2024-07-31,East,Books,Accessory M,1.0,157.24,32.0,Cash,1.8,157.24,2024-07
ORD1344,2024-12-06,East,Home & Kitchen,Gadget X,9.0,231.4,44.0,Debit Card,5.0,2082.6,2024-12
ORD2924,2024-10-14,East,Toys,Gadget Y,13.0,113.74,37.0,Credit Card,2.2,1478.62,2024-10
ORD2963,2025-02-10,East,Books,Device Q,14.0,140.55,22.0,Net Banking,3.4,1967.7,2025-02
ORD1561,2025-05-02,South,Books,Widget A,14.0,316.49,69.0,Upi,2.5,4430.86,2025-05
ORD1441,2025-01-27,North,Books,Widget B,1.0,231.22,43.0,Debit Card,1.7,231.22,2025-01
ORD1060,2024-07-20,South,Home & Kitchen,Widget A,3.0,232.71,21.0,Debit Card,3.0,698.13,2024-07
ORD1392,2024-07-08,West,Clothing,Widget A,7.0,188.4,24.0,Cash,1.4,1318.8,2024-07
ORD1590,2024-06-14,South,Books,Gizmo Z,10.0,220.26,33.0,Upi,1.2,2202.6,2024-06
ORD1528,2024-08-29,Central,Clothing,Widget B,4.0,103.96,56.0,Net Banking,2.7,415.84,2024-08
ORD1363,2025-06-28,North,Clothing,Device Q,7.0,243.92,46.0,Cash,2.4,1707.44,2025-06
ORD2351,2024-04-12,North,Electronics,Item N,11.0,160.24,68.0,Credit Card,1.2,1762.64,2024-04
ORD1210,2024-08-14,East,Electronics,Widget A,14.0,245.19,60.0,Credit Card,4.9,3432.66,2024-08
ORD1281,2025-06-21,South,Electronics,Device Q,4.0,143.39,26.0,Credit Card,2.6,573.56,2025-06
ORD2730,2024-07-14,Central,Electronics,Widget B,11.0,65.34,44.0,Credit Card,3.3,718.74,2024-07
ORD1683,2024-04-20,West,Toys,Widget B,2.0,291.62,25.0,Net Banking,2.7,583.24,2024-04
ORD2266,2024-02-02,East,Sports,Item N,5.0,91.51,53.0,Net Banking,4.2,457.55,2024-02
ORD1797,2025-06-05,West,Sports,Gadget Y,14.0,361.29,56.0,Net Banking,1.8,5058.06,2025-06
ORD2251,2024-01-17,South,Toys,Item N,14.0,301.82,69.0,Cash,3.7,4225.48,2024-01
ORD2645,2025-04-27,West,Home & Kitchen,Widget B,12.0,227.67,53.0,Upi,1.0,2732.04,2025-04
ORD2088,2025-05-11,North,Home & Kitchen,Gadget X,6.0,76.65,55.0,Cash,2.8,459.9,2025-05
ORD1701,2024-12-15,East,Sports,Widget B,6.0,144.6,27.0,Debit Card,3.7,867.6,2024-12
ORD1718,2024-07-12,West,Toys,Item N,7.0,202.39,39.0,Debit Card,4.7,1416.73,2024-07
ORD1324,2025-05-02,East,Sports,Item N,8.0,162.99,45.0,Debit Card,3.1,1303.92,2025-05
ORD1698,2024-10-03,South,Clothing,Gizmo Z,12.0,146.09,59.0,Net Banking,2.9,1753.08,2024-10
ORD2720,2025-04-04,Central,Electronics,Gadget X,10.0,56.86,25.0,Cash,2.1,568.6,2025-04
ORD1028,2024-02-28,South,Clothing,Gizmo Z,13.0,243.54,34.0,Cash,4.3,3166.02,2024-02
ORD2358,2025-03-03,West,Sports,Gadget X,4.0,392.67,48.0,Cash,1.0,1570.68,2025-03
ORD1610,2024-04-04,East,Clothing,Gizmo Z,13.0,173.55,21.0,Credit Card,2.7,2256.15,2024-04
ORD1359,2025-05-11,West,Books,Widget A,8.0,58.61,21.0,Credit Card,1.5,468.88,2025-05
ORD2665,2024-08-05,South,Toys,Widget B,12.0,138.44,53.0,Upi,3.8,1661.28,2024-08
ORD2812,2025-01-14,North,Home & Kitchen,Gizmo Z,7.0,175.39,43.0,Net Banking,2.8,1227.73,2025-01
ORD1224,2024-07-13,South,Books,Gizmo Z,5.0,254.35,62.0,Upi,2.9,1271.75,2024-07
ORD1447,2024-12-04,Central,Books,Widget B,9.0,229.68,37.0,Debit Card,1.6,2067.12,2024-12
ORD2853,2024-04-14,North,Clothing,Gizmo Z,14.0,188.4,50.0,Credit Card,2.4,2637.6,2024-04
ORD2731,2025-04-10,Central,Home & Kitchen,Gadget X,4.0,182.37,36.0,Debit Card,3.0,729.48,2025-04
ORD1855,2025-01-20,Central,Clothing,Widget B,6.0,340.19,50.0,Cash,3.1,2041.14,2025-01
ORD2425,2024-08-24,North,Electronics,Device Q,10.0,188.57,51.0,Cash,3.7,1885.7,2024-08
ORD2716,2024-03-24,East,Toys,Item N,13.0,271.53,55.0,Debit Card,4.9,3529.89,2024-03
ORD2227,2024-02-15,East,Clothing,Widget A,11.0,140.28,29.0,Cash,3.0,1543.08,2024-02
ORD2497,2024-11-01,North,Clothing,Widget B,6.0,126.19,50.0,Upi,4.6,757.14,2024-11
ORD1747,2024-11-13,West,Books,Gizmo Z,14.0,80.18,48.0,Net Banking,3.2,1122.52,2024-11
ORD2977,2024-10-07,South,Home & Kitchen,Widget B,1.0,105.46,28.0,Credit Card,4.7,105.46,2024-10
ORD2084,2024-07-01,West,Clothing,Gizmo Z,2.0,139.06,22.0,Upi,4.4,278.12,2024-07
ORD1816,2024-09-10,West,Home & Kitchen,Gadget X,7.0,191.19,69.0,Debit Card,3.0,1338.33,2024-09
ORD2294,2024-09-13,North,Electronics,Accessory M,4.0,285.94,41.0,Credit Card,1.1,1143.76,2024-09
ORD1151,2024-04-22,West,Books,Gizmo Z,8.0,128.66,26.0,Cash,3.0,1029.28,2024-04
ORD1215,2024-06-01,West,Toys,Gadget X,6.0,180.12,56.0,Credit Card,4.8,1080.72,2024-06
ORD1098,2024-04-08,South,Toys,Widget B,14.0,424.6474999999999,34.0,Debit Card,3.0,5945.06,2024-04
ORD2767,2024-08-25,Central,Sports,Gadget X,10.0,236.98,21.0,Debit Card,2.5,2369.8,2024-08
ORD1474,2024-01-01,North,Sports,Widget A,8.0,145.62,40.0,Cash,2.8,1164.96,2024-01
ORD2360,2024-11-12,Central,Electronics,Gizmo Z,9.0,210.76,41.0,Upi,1.1,1896.84,2024-11
ORD2152,2024-02-16,East,Clothing,Gadget X,12.0,138.25,43.0,Credit Card,2.9,1659.0,2024-02
ORD2496,2024-08-04,North,Books,Gadget X,2.0,424.6474999999999,55.0,Upi,1.6,849.29,2024-08
ORD1012,2025-01-07,West,Books,Widget B,7.0,109.74,66.0,Cash,4.8,768.18,2025-01
ORD2766,2024-12-01,North,Clothing,Item N,8.0,117.72,55.0,Credit Card,1.9,941.76,2024-12
ORD2413,2024-05-31,South,Electronics,Item N,4.0,183.39,65.0,Net Banking,2.0,733.56,2024-05
ORD1167,2024-10-06,East,Books,Widget A,14.0,115.34,52.0,Net Banking,1.8,1614.76,2024-10
ORD1602,2024-03-09,Central,Books,Gadget Y,3.0,210.79,34.0,Debit Card,3.4,632.37,2024-03
ORD2078,2024-06-07,East,Home & Kitchen,Gadget Y,8.0,53.16,61.0,Debit Card,2.8,425.28,2024-06
ORD1188,2024-09-19,North,Clothing,Gizmo Z,14.0,206.44,49.0,Credit Card,2.7,2890.16,2024-09
ORD2120,2024-05-21,North,Home & Kitchen,Device Q,7.0,150.64,39.0,Cash,3.9,1054.48,2024-05
ORD2083,2024-06-19,Central,Electronics,Gadget Y,2.0,205.0,33.0,Debit Card,1.1,410.0,2024-06
ORD1043,2024-12-11,South,Sports,Gadget X,3.0,187.92,37.0,Debit Card,1.2,563.76,2024-12
ORD2114,2024-09-22,East,Toys,Accessory M,11.0,181.19,58.0,Net Banking,1.2,1993.09,2024-09
ORD1009,2024-11-26,South,Sports,Widget A,4.0,307.92,53.0,Upi,2.9,1231.68,2024-11
ORD2363,2024-12-24,North,Toys,Device Q,10.0,81.26,36.0,Upi,3.0,812.6,2024-12
ORD1147,2025-01-20,North,Sports,Device Q,3.0,144.29,44.0,Net Banking,3.1,432.87,2025-01
ORD1746,2024-04-04,North,Home & Kitchen,Gadget Y,11.0,274.24,61.0,Upi,1.7,3016.64,2024-04
ORD1013,2024-04-09,East,Books,Gizmo Z,2.0,51.43,43.0,Credit Card,4.1,102.86,2024-04
ORD1389,2024-07-10,East,Electronics,Widget B,14.0,315.45,43.0,Credit Card,2.7,4416.3,2024-07
ORD2701,2024-02-24,East,Clothing,Item N,5.0,196.17,47.0,Upi,5.0,980.85,2024-02
ORD1985,2024-12-07,West,Home & Kitchen,Gadget X,1.0,127.4,18.0,Debit Card,2.6,127.4,2024-12
ORD1744,2024-11-24,West,Toys,Gadget Y,12.0,362.3,38.0,Net Banking,2.9,4347.6,2024-11
ORD2515,2024-12-17,West,Home & Kitchen,Gadget Y,3.0,372.17,32.0,Debit Card,1.1,1116.51,2024-12
ORD2221,2024-12-21,South,Clothing,Gadget X,8.0,139.33,47.0,Net Banking,3.6,1114.64,2024-12
ORD1742,2024-11-16,Central,Home & Kitchen,Widget A,3.0,424.6474999999999,50.0,Debit Card,3.7,1273.94,2024-11
ORD2761,2024-09-09,North,Toys,Item N,8.0,110.81,65.0,Credit Card,2.4,886.48,2024-09
ORD1452,2025-05-25,South,Sports,Widget B,13.0,96.61,62.0,Net Banking,3.0,1255.93,2025-05
ORD1606,2024-05-05,West,Books,Device Q,13.0,233.41,58.0,Cash,4.5,3034.33,2024-05
ORD1892,2025-02-27,North,Sports,Gizmo Z,13.0,241.06,20.0,Net Banking,4.2,3133.78,2025-02
ORD1967,2024-07-19,North,Clothing,Widget A,3.0,176.86,28.0,Credit Card,4.6,530.58,2024-07
ORD1898,2025-05-16,Central,Electronics,Gizmo Z,4.0,220.34,63.0,Cash,3.6,881.36,2025-05
ORD2538,2024-12-26,South,Electronics,Device Q,4.0,87.6,37.0,Upi,2.1,350.4,2024-12
ORD2380,2024-01-22,South,Home & Kitchen,Device Q,1.0,253.15,24.0,Debit Card,2.0,253.15,2024-01
ORD1951,2024-08-13,East,Books,Widget A,14.0,139.37,36.0,Upi,4.7,1951.18,2024-08
ORD2781,2025-06-26,North,Sports,Gadget X,9.0,312.73,44.0,Cash,3.6,2814.57,2025-06
ORD2925,2024-08-13,West,Books,Gizmo Z,9.0,124.01,25.0,Debit Card,4.2,1116.09,2024-08
ORD2102,2024-05-20,East,Books,Device Q,1.0,91.88,38.0,Debit Card,3.7,91.88,2024-05
ORD2687,2024-06-20,North,Sports,Widget A,9.0,220.36,37.0,Cash,4.5,1983.24,2024-06
ORD2577,2024-10-19,South,Sports,Device Q,1.0,80.67,36.0,Credit Card,1.1,80.67,2024-10
ORD1025,2024-01-22,Central,Toys,Gadget X,14.0,363.61,32.0,Net Banking,3.3,5090.54,2024-01
ORD2382,2025-05-29,West,Electronics,Accessory M,2.0,332.7,69.0,Upi,2.4,665.4,2025-05
ORD2479,2024-01-20,East,Electronics,Accessory M,14.0,182.67,29.0,Cash,3.3,2557.38,2024-01
ORD1479,2024-07-09,South,Electronics,Gadget X,14.0,211.43,55.0,Net Banking,2.7,2960.02,2024-07
ORD2188,2024-04-23,Central,Toys,Gadget Y,10.0,142.54,63.0,Net Banking,4.0,1425.4,2024-04
ORD1115,2024-02-05,West,Clothing,Gadget X,14.0,196.32,22.0,Upi,5.0,2748.48,2024-02
ORD1024,2024-11-09,South,Home & Kitchen,Item N,11.0,126.38,60.0,Net Banking,4.7,1390.18,2024-11
ORD1370,2025-01-31,East,Clothing,Gadget X,10.0,113.84,55.0,Net Banking,3.3,1138.4,2025-01
ORD2149,2024-09-15,South,Electronics,Gadget Y,7.0,274.64,48.0,Cash,4.4,1922.48,2024-09
ORD2041,2024-02-13,East,Home & Kitchen,Accessory M,2.0,292.55,35.0,Cash,4.2,585.1,2024-02
ORD1649,2025-04-18,South,Electronics,Device Q,2.0,227.46,68.0,Cash,3.0,454.92,2025-04
ORD1453,2024-11-22,West,Home & Kitchen,Device Q,6.0,204.62,43.0,Credit Card,3.0,1227.72,2024-11
ORD1096,2025-05-17,South,Sports,Device Q,1.0,95.06,48.0,Credit Card,3.0,95.06,2025-05
ORD2346,2024-04-01,East,Electronics,Item N,14.0,187.43,64.0,Credit Card,2.6,2624.02,2024-04
ORD1992,2025-04-20,Central,Electronics,Device Q,11.0,143.53,64.0,Debit Card,1.9,1578.83,2025-04
ORD2469,2024-07-22,East,Toys,Widget A,13.0,243.73,36.0,Cash,2.1,3168.49,2024-07
ORD1099,2025-04-06,East,Toys,Widget B,2.0,264.26,36.0,Debit Card,2.5,528.52,2025-04
ORD2881,2025-03-10,West,Home & Kitchen,Widget B,13.0,64.34,59.0,Cash,4.7,836.42,2025-03
ORD2517,2025-05-31,North,Books,Gizmo Z,10.0,316.77,57.0,Cash,3.1,3167.7,2025-05
ORD1804,2024-06-05,South,Clothing,Widget B,7.0,152.88,56.0,Debit Card,2.8,1070.16,2024-06
ORD1357,2024-12-01,Central,Sports,Gizmo Z,9.0,199.24,38.0,Credit Card,2.2,1793.16,2024-12
ORD1858,2025-02-21,East,Toys,Gizmo Z,9.0,240.71,61.0,Credit Card,3.1,2166.39,2025-02
ORD1594,2024-04-15,North,Clothing,Gadget X,3.0,60.37,57.0,Cash,3.3,181.11,2024-04
ORD2644,2024-08-29,East,Toys,Device Q,3.0,223.44,22.0,Net Banking,3.0,670.32,2024-08
ORD2990,2024-08-11,North,Clothing,Device Q,21.5,248.15,38.0,Debit Card,2.4,5335.22,2024-08
ORD2028,2024-02-11,Central,Books,Accessory M,6.0,186.61,55.0,Upi,4.8,1119.66,2024-02
ORD1587,2025-03-22,East,Toys,Device Q,3.0,258.66,47.0,Upi,2.4,775.98,2025-03
ORD2897,2025-03-17,Central,Sports,Widget B,14.0,208.9,65.0,Upi,1.9,2924.6,2025-03
ORD2738,2024-11-11,East,Books,Accessory M,6.0,40.81,49.0,Debit Card,4.5,244.86,2024-11
ORD1795,2024-09-10,South,Toys,Accessory M,5.0,151.51,57.0,Debit Card,4.4,757.55,2024-09
ORD1270,2024-11-18,Central,Clothing,Gadget X,2.0,424.6474999999999,43.0,Credit Card,2.3,849.29,2024-11
ORD1118,2024-08-30,West,Books,Gizmo Z,6.0,233.48,64.0,Debit Card,2.6,1400.88,2024-08
ORD1117,2024-06-08,West,Clothing,Widget A,6.0,269.71,43.0,Upi,4.4,1618.26,2024-06
ORD2109,2024-09-01,Central,Books,Item N,3.0,146.82,18.0,Cash,3.6,440.46,2024-09
ORD2938,2024-05-01,South,Clothing,Gadget Y,8.0,223.58,67.0,Debit Card,2.0,1788.64,2024-05
ORD2576,2024-10-30,South,Clothing,Gadget X,13.0,187.17,58.0,Debit Card,4.6,2433.21,2024-10
ORD1699,2025-05-17,South,Toys,Widget B,9.0,120.41,62.0,Debit Card,4.0,1083.69,2025-05
ORD2016,2025-05-21,West,Electronics,Gadget X,12.0,182.375,69.0,Cash,3.7,2188.5,2025-05
ORD2431,2024-10-24,North,Clothing,Accessory M,6.0,89.49,66.0,Debit Card,3.0,536.94,2024-10
ORD2940,2024-08-09,East,Toys,Gadget X,1.0,182.98,57.0,Upi,1.9,182.98,2024-08
ORD1164,2024-05-02,Central,Sports,Gizmo Z,3.0,169.24,54.0,Cash,4.1,507.72,2024-05
ORD1603,2024-02-22,North,Toys,Widget B,12.0,235.34,51.0,Credit Card,2.6,2824.08,2024-02
ORD2509,2024-11-03,South,Clothing,Device Q,21.5,203.21,27.0,Credit Card,1.3,4369.02,2024-11
ORD2825,2025-03-30,East,Sports,Item N,2.0,173.38,47.0,Upi,4.6,346.76,2025-03
ORD1465,2024-02-08,West,Sports,Gizmo Z,13.0,280.86,43.0,Upi,1.0,3651.18,2024-02
ORD2172,2024-06-18,West,Home & Kitchen,Gizmo Z,7.0,230.98,25.0,Upi,3.1,1616.86,2024-06
ORD2199,2024-09-18,East,Home & Kitchen,Widget B,13.0,396.51,33.0,Upi,4.2,5154.63,2024-09
ORD1142,2024-04-22,East,Home & Kitchen,Widget A,13.0,193.53,64.0,Upi,2.4,2515.89,2024-04
ORD1666,2024-01-28,South,Clothing,Item N,6.0,296.64,44.0,Upi,1.3,1779.84,2024-01
ORD1113,2024-06-19,North,Electronics,Widget B,10.0,302.3,43.0,Cash,1.9,3023.0,2024-06
ORD2087,2025-06-10,East,Home & Kitchen,Gadget X,1.0,140.84,55.0,Cash,3.4,140.84,2025-06
ORD2937,2024-04-22,East,Clothing,Widget B,3.0,255.16,60.0,Debit Card,4.4,765.48,2024-04
ORD1378,2024-04-24,East,Home & Kitchen,Device Q,9.0,388.39,32.0,Net Banking,3.2,3495.51,2024-04
ORD1063,2025-03-31,East,Clothing,Gadget Y,7.0,135.29,43.0,Net Banking,1.8,947.03,2025-03
ORD2169,2025-06-24,South,Books,Accessory M,1.0,162.02,20.0,Upi,1.5,162.02,2025-06
ORD1651,2024-03-18,East,Home & Kitchen,Gadget Y,6.0,225.35,29.0,Debit Card,3.3,1352.1,2024-03
ORD1186,2025-02-18,South,Toys,Accessory M,7.0,176.175,40.0,Credit Card,1.7,1233.23,2025-02
ORD1704,2024-05-16,Central,Sports,Widget B,3.0,147.68,39.0,Credit Card,1.1,443.04,2024-05
ORD1294,2024-02-20,South,Toys,Widget A,6.0,288.03,43.0,Debit Card,1.9,1728.18,2024-02
ORD1056,2024-04-15,Central,Electronics,Widget B,9.0,96.21,42.0,Upi,3.0,865.89,2024-04
ORD1315,2024-12-11,East,Toys,Device Q,13.0,118.35,21.0,Cash,4.5,1538.55,2024-12
ORD1130,2025-01-11,South,Electronics,Widget A,9.0,306.78,66.0,Net Banking,1.2,2761.02,2025-01
ORD2288,2024-01-21,North,Toys,Gadget X,7.0,144.43,35.0,Debit Card,2.0,1011.01,2024-01
ORD1189,2024-05-23,North,Home & Kitchen,Accessory M,13.0,279.15,50.0,Debit Card,2.4,3628.95,2024-05
ORD1027,2025-04-19,Central,Books,Gizmo Z,11.0,93.17,66.0,Cash,1.6,1024.87,2025-04
ORD1525,2024-09-12,West,Toys,Widget A,2.0,158.43,35.0,Upi,1.8,316.86,2024-09
ORD1936,2024-05-30,North,Books,Widget A,13.0,323.14,41.0,Upi,3.8,4200.82,2024-05
ORD1762,2025-01-13,East,Toys,Gadget Y,11.0,349.65,34.0,Debit Card,1.2,3846.15,2025-01
ORD2870,2025-04-11,North,Clothing,Widget A,14.0,124.02,56.0,Debit Card,1.6,1736.28,2025-04
ORD2799,2024-03-23,East,Electronics,Widget B,7.0,130.58,61.0,Credit Card,2.8,914.06,2024-03
ORD2636,2024-10-19,South,Electronics,Gizmo Z,6.0,150.56,33.0,Credit Card,4.9,903.36,2024-10
ORD1754,2024-10-22,South,Sports,Gadget X,5.0,107.82,43.0,Upi,4.1,539.1,2024-10
ORD2591,2024-02-20,Central,Books,Widget A,9.0,111.07,53.0,Debit Card,3.7,999.63,2024-02
ORD2186,2024-02-06,East,Sports,Widget B,7.0,47.77,21.0,Upi,1.2,334.39,2024-02
ORD1266,2024-09-12,North,Electronics,Gadget Y,12.0,287.15,57.0,Cash,2.5,3445.8,2024-09
ORD1899,2024-04-22,West,Clothing,Accessory M,6.0,81.65,28.0,Cash,4.7,489.9,2024-04
ORD2798,2025-04-01,East,Toys,Widget A,10.0,112.5,26.0,Upi,3.3,1125.0,2025-04
ORD1075,2024-01-15,West,Sports,Gadget Y,6.0,308.18,37.0,Credit Card,3.0,1849.08,2024-01
ORD2459,2024-09-26,Central,Books,Item N,5.0,202.04,52.0,Net Banking,3.7,1010.2,2024-09
ORD2405,2024-11-27,South,Clothing,Device Q,11.0,174.96,57.0,Upi,2.2,1924.56,2024-11
ORD1856,2024-07-28,Central,Home & Kitchen,Accessory M,8.0,158.6,41.0,Debit Card,4.4,1268.8,2024-07
ORD2278,2024-09-27,West,Home & Kitchen,Gadget X,13.0,137.12,60.0,Net Banking,2.6,1782.56,2024-09
ORD1845,2025-03-06,Central,Home & Kitchen,Gadget Y,1.0,160.75,20.0,Net Banking,3.1,160.75,2025-03
ORD1769,2024-10-22,Central,Home & Kitchen,Gadget Y,2.0,146.77,46.0,Net Banking,2.1,293.54,2024-10
ORD2622,2024-06-20,West,Sports,Accessory M,9.0,265.97,64.0,Upi,1.7,2393.73,2024-06
ORD2331,2025-05-09,North,Sports,Widget B,11.0,262.7,19.0,Upi,1.5,2889.7,2025-05
ORD2233,2025-03-23,North,Clothing,Widget B,9.0,328.36,69.0,Net Banking,1.1,2955.24,2025-03
ORD1180,2024-05-26,North,Toys,Gadget X,13.0,418.33,41.0,Credit Card,3.0,5438.29,2024-05
ORD2319,2025-06-04,Central,Sports,Item N,3.0,131.86,22.0,Net Banking,4.3,395.58,2025-06
ORD1672,2024-05-05,West,Sports,Gizmo Z,4.0,40.34,55.0,Credit Card,3.0,161.36,2024-05
ORD2511,2025-01-09,East,Clothing,Accessory M,10.0,118.02,64.0,Upi,4.7,1180.2,2025-01
ORD1376,2024-03-30,Central,Home & Kitchen,Gadget X,1.0,155.01,38.0,Net Banking,1.6,155.01,2024-03
ORD1669,2024-08-18,Central,Electronics,Gadget X,8.0,302.83,29.0,Debit Card,4.5,2422.64,2024-08
ORD1023,2025-04-04,East,Sports,Accessory M,5.0,122.45,57.0,Net Banking,1.1,612.25,2025-04
ORD1346,2024-09-10,North,Electronics,Item N,2.0,139.76,44.0,Cash,3.2,279.52,2024-09
ORD2666,2024-04-11,North,Electronics,Widget B,3.0,186.51,38.0,Debit Card,1.4,559.53,2024-04
ORD2504,2024-06-26,West,Books,Gizmo Z,11.0,76.52,41.0,Credit Card,1.3,841.72,2024-06
ORD2746,2024-06-06,East,Home & Kitchen,Widget B,10.0,196.53,20.0,Debit Card,3.2,1965.3,2024-06
ORD1008,2024-08-02,North,Home & Kitchen,Gizmo Z,1.0,146.29,24.0,Cash,1.3,146.29,2024-08
ORD1228,2025-04-14,East,Home & Kitchen,Device Q,6.0,205.53,46.0,Net Banking,4.1,1233.18,2025-04
ORD1489,2024-07-31,East,Books,Accessory M,4.0,145.84,56.0,Cash,3.0,583.36,2024-07
ORD1213,2025-04-17,South,Books,Item N,5.0,118.39,27.0,Credit Card,2.6,591.95,2025-04
ORD2601,2024-05-23,East,Clothing,Gizmo Z,2.0,167.6,68.0,Credit Card,2.9,335.2,2024-05
ORD1578,2024-08-16,Central,Clothing,Gizmo Z,13.0,239.73,49.0,Credit Card,1.3,3116.49,2024-08
ORD1449,2024-12-30,West,Home & Kitchen,Device Q,9.0,171.83,47.0,Upi,3.2,1546.47,2024-12
ORD1757,2024-08-16,West,Sports,Widget A,11.0,235.64,48.0,Debit Card,1.0,2592.04,2024-08
ORD1015,2024-11-04,East,Books,Accessory M,2.0,101.97,62.0,Cash,3.8,203.94,2024-11
ORD2914,2025-01-12,East,Electronics,Gadget Y,14.0,221.72,39.0,Credit Card,2.5,3104.08,2025-01
ORD2806,2024-09-19,South,Toys,Accessory M,13.0,355.91,53.0,Upi,3.4,4626.83,2024-09
ORD2531,2024-12-10,North,Sports,Widget B,10.0,99.58,43.0,Debit Card,2.4,995.8,2024-12
ORD2633,2024-05-31,Central,Clothing,Item N,9.0,188.4,28.0,Net Banking,3.1,1695.6,2024-05
ORD2189,2024-02-09,South,Clothing,Accessory M,5.0,160.26,55.0,Net Banking,3.7,801.3,2024-02
ORD2626,2024-04-27,West,Books,Widget B,6.0,131.92,68.0,Credit Card,4.6,791.52,2024-04
ORD1546,2025-02-08,South,Home & Kitchen,Gadget Y,7.0,347.65,32.0,Credit Card,1.3,2433.55,2025-02
ORD2177,2024-09-17,South,Books,Gadget Y,11.0,208.8,58.0,Debit Card,3.0,2296.8,2024-09
ORD1630,2024-03-18,Central,Home & Kitchen,Gizmo Z,6.0,255.28,38.0,Debit Card,3.0,1531.68,2024-03
ORD1354,2024-11-20,Central,Sports,Widget B,1.0,252.34,38.0,Credit Card,2.6,252.34,2024-11
ORD2317,2024-09-29,West,Home & Kitchen,Device Q,8.0,358.65,33.0,Debit Card,4.3,2869.2,2024-09
ORD1207,2025-02-25,South,Books,Gadget X,13.0,196.07,49.0,Net Banking,3.0,2548.91,2025-02
ORD1935,2024-11-25,East,Toys,Widget B,2.0,60.2,69.0,Net Banking,3.0,120.4,2024-11
ORD1755,2024-11-15,West,Electronics,Device Q,9.0,182.375,67.0,Debit Card,4.0,1641.38,2024-11
ORD2098,2024-11-06,Central,Toys,Accessory M,11.0,198.75,43.0,Credit Card,3.0,2186.25,2024-11
ORD1416,2025-01-30,East,Electronics,Widget B,9.0,173.8,32.0,Upi,2.9,1564.2,2025-01
ORD2448,2024-06-11,North,Clothing,Widget A,8.0,197.65,58.0,Credit Card,2.7,1581.2,2024-06
ORD2081,2024-04-07,East,Sports,Gadget Y,6.0,423.89,30.0,Upi,1.1,2543.34,2024-04
ORD2821,2025-06-02,South,Electronics,Widget A,4.0,330.18,53.0,Net Banking,2.8,1320.72,2025-06
ORD1716,2025-05-18,South,Sports,Item N,7.0,267.66,61.0,Net Banking,3.5,1873.62,2025-05
ORD1442,2024-07-12,West,Books,Gadget Y,9.0,343.34,61.0,Debit Card,2.6,3090.06,2024-07
ORD2116,2024-12-05,West,Home & Kitchen,Gizmo Z,14.0,120.55,22.0,Upi,3.5,1687.7,2024-12
ORD2280,2024-03-15,South,Home & Kitchen,Widget A,5.0,262.7,49.0,Cash,3.3,1313.5,2024-03
ORD1536,2024-08-26,West,Sports,Widget B,11.0,312.29,35.0,Net Banking,3.0,3435.19,2024-08
ORD1348,2024-01-23,West,Clothing,Gadget X,2.0,173.61,18.0,Upi,4.7,347.22,2024-01
ORD1674,2024-05-24,East,Clothing,Gadget Y,1.0,97.94,42.0,Net Banking,3.6,97.94,2024-05
ORD1403,2024-06-25,West,Toys,Widget B,9.0,96.29,40.0,Credit Card,1.1,866.61,2024-06
ORD1362,2025-01-14,North,Home & Kitchen,Gizmo Z,2.0,203.12,69.0,Net Banking,1.8,406.24,2025-01
ORD1026,2024-09-09,Central,Sports,Widget A,2.0,260.14,65.0,Net Banking,2.2,520.28,2024-09
ORD2308,2024-07-17,Central,Clothing,Gizmo Z,4.0,243.66,43.0,Cash,3.8,974.64,2024-07
ORD2192,2024-11-13,East,Home & Kitchen,Accessory M,1.0,166.85,25.0,Net Banking,1.1,166.85,2024-11
ORD1177,2025-02-06,West,Books,Item N,9.0,152.15,50.0,Cash,3.0,1369.35,2025-02
ORD2961,2024-10-09,West,Electronics,Widget B,14.0,373.59,42.0,Debit Card,3.9,5230.26,2024-10
ORD2429,2024-04-09,Central,Toys,Widget B,3.0,216.97,19.0,Upi,2.7,650.91,2024-04
ORD2923,2024-10-14,North,Toys,Widget B,13.0,173.24,62.0,Upi,3.5,2252.12,2024-10
ORD2225,2024-08-11,West,Sports,Gizmo Z,9.0,275.49,61.0,Debit Card,2.6,2479.41,2024-08
ORD1252,2025-01-07,South,Home & Kitchen,Widget A,11.0,221.82,31.0,Cash,3.1,2440.02,2025-01
ORD1414,2024-03-09,North,Electronics,Widget A,2.0,316.19,35.0,Cash,4.4,632.38,2024-03
ORD1558,2024-02-20,South,Toys,Accessory M,3.0,214.39,64.0,Debit Card,2.6,643.17,2024-02
ORD1553,2024-05-24,West,Clothing,Widget B,9.0,146.8,23.0,Credit Card,3.0,1321.2,2024-05
ORD1193,2024-09-10,North,Home & Kitchen,Widget B,10.0,144.07,33.0,Upi,3.6,1440.7,2024-09
ORD2157,2025-02-22,South,Clothing,Item N,7.0,289.69,63.0,Debit Card,3.9,2027.83,2025-02
ORD2305,2024-11-04,West,Toys,Gizmo Z,1.0,164.48,58.0,Net Banking,3.0,164.48,2024-11
ORD2048,2024-12-04,West,Toys,Device Q,11.0,236.58,66.0,Debit Card,4.7,2602.38,2024-12
ORD1445,2024-06-13,South,Toys,Item N,11.0,108.98,61.0,Credit Card,4.2,1198.78,2024-06
ORD2187,2024-11-11,Central,Electronics,Widget A,3.0,111.68,31.0,Credit Card,4.0,335.04,2024-11
ORD2344,2024-11-05,North,Toys,Widget A,14.0,112.14,50.0,Cash,2.2,1569.96,2024-11
ORD2011,2024-10-15,West,Toys,Widget A,21.5,313.45,36.0,Net Banking,2.8,6739.18,2024-10
ORD2480,2024-10-08,Central,Home & Kitchen,Widget B,14.0,232.28,35.0,Credit Card,3.0,3251.92,2024-10
ORD1451,2025-05-14,East,Electronics,Gadget Y,5.0,288.11,26.0,Net Banking,4.3,1440.55,2025-05
ORD2967,2024-10-04,West,Books,Accessory M,11.0,162.75,58.0,Net Banking,4.1,1790.25,2024-10
ORD1464,2025-06-14,West,Toys,Device Q,2.0,299.99,28.0,Debit Card,2.3,599.98,2025-06
ORD1702,2025-03-21,South,Home & Kitchen,Gizmo Z,12.0,192.905,63.0,Credit Card,1.9,2314.86,2025-03
ORD1458,2024-09-08,North,Sports,Accessory M,1.0,295.65,24.0,Credit Card,3.4,295.65,2024-09
ORD2391,2024-05-01,North,Toys,Gadget X,8.0,137.08,47.0,Net Banking,1.2,1096.64,2024-05
ORD1961,2024-07-27,Central,Toys,Device Q,6.0,151.68,59.0,Cash,1.9,910.08,2024-07
ORD1838,2025-02-10,South,Sports,Device Q,1.0,135.11,57.0,Net Banking,2.0,135.11,2025-02
ORD2723,2025-04-25,East,Sports,Widget B,13.0,319.09,49.0,Credit Card,1.3,4148.17,2025-04
ORD1369,2024-10-11,North,Sports,Widget A,3.0,234.82,18.0,Credit Card,4.4,704.46,2024-10
ORD1484,2024-05-13,North,Books,Item N,13.0,209.81,53.0,Upi,1.9,2727.53,2024-05
ORD1903,2024-02-24,East,Electronics,Widget B,4.0,74.13,44.0,Debit Card,3.6,296.52,2024-02
ORD2602,2024-04-15,Central,Books,Device Q,13.0,186.57,37.0,Upi,3.2,2425.41,2024-04
ORD1307,2024-07-14,North,Electronics,Device Q,3.0,255.75,43.0,Upi,3.1,767.25,2024-07
ORD1285,2024-02-05,East,Home & Kitchen,Gadget Y,4.0,264.05,54.0,Cash,4.1,1056.2,2024-02
ORD1637,2024-02-25,East,Home & Kitchen,Item N,1.0,275.52,24.0,Net Banking,2.6,275.52,2024-02
ORD2368,2024-11-13,East,Home & Kitchen,Device Q,4.0,174.59,49.0,Credit Card,4.7,698.36,2024-11
ORD2575,2024-05-12,East,Sports,Item N,5.0,198.7,35.0,Net Banking,2.3,993.5,2024-05
ORD1715,2024-04-27,Central,Sports,Accessory M,7.0,168.56,31.0,Debit Card,1.9,1179.92,2024-04
ORD2269,2025-06-21,Central,Home & Kitchen,Device Q,4.0,247.71,43.0,Cash,2.3,990.84,2025-06
ORD1758,2024-09-26,South,Clothing,Accessory M,2.0,227.5,42.0,Net Banking,1.9,455.0,2024-09
ORD2008,2025-02-09,Central,Clothing,Gizmo Z,8.0,197.39,23.0,Credit Card,4.4,1579.12,2025-02
ORD1643,2024-09-13,West,Toys,Gadget X,12.0,330.62,54.0,Debit Card,2.0,3967.44,2024-09
ORD2171,2024-11-27,Central,Toys,Widget B,14.0,424.6474999999999,65.0,Debit Card,3.8,5945.06,2024-11
ORD1972,2025-03-17,South,Home & Kitchen,Widget B,3.0,100.5,48.0,Upi,4.9,301.5,2025-03
ORD1981,2024-02-03,West,Toys,Gizmo Z,8.0,82.4,68.0,Debit Card,2.1,659.2,2024-02
ORD1731,2024-01-01,Central,Sports,Device Q,4.0,364.2,69.0,Credit Card,3.0,1456.8,2024-01
ORD1658,2024-01-03,East,Clothing,Gizmo Z,11.0,116.87,29.0,Net Banking,4.5,1285.57,2024-01
ORD2396,2024-11-02,East,Toys,Widget B,3.0,19.88,26.0,Upi,2.3,59.64,2024-11
ORD1097,2025-02-10,East,Clothing,Gadget X,6.0,176.88,24.0,Debit Card,4.9,1061.28,2025-02
ORD2543,2025-05-03,North,Home & Kitchen,Item N,14.0,199.37,39.0,Credit Card,1.3,2791.18,2025-05
ORD2178,2025-01-29,West,Sports,Gadget Y,9.0,67.97,29.0,Net Banking,2.1,611.73,2025-01
ORD1829,2024-05-12,Central,Sports,Gadget X,6.0,273.11,18.0,Credit Card,3.7,1638.66,2024-05
ORD1139,2025-01-08,West,Sports,Item N,4.0,193.3,32.0,Upi,2.6,773.2,2025-01
ORD2347,2024-08-29,North,Toys,Gadget Y,12.0,141.87,43.0,Cash,1.1,1702.44,2024-08
ORD2038,2024-04-11,West,Toys,Gizmo Z,9.0,209.9,59.0,Upi,4.7,1889.1,2024-04
ORD2718,2025-03-31,South,Electronics,Widget A,1.0,230.63,31.0,Debit Card,4.5,230.63,2025-03
ORD2436,2024-10-19,East,Home & Kitchen,Device Q,4.0,135.89,53.0,Debit Card,1.8,543.56,2024-10
ORD2489,2024-01-12,South,Home & Kitchen,Widget A,7.0,82.18,35.0,Net Banking,3.4,575.26,2024-01
ORD2353,2024-06-14,East,Home & Kitchen,Gadget Y,8.0,109.08,18.0,Upi,3.2,872.64,2024-06
ORD2196,2024-02-09,North,Clothing,Accessory M,11.0,186.66,53.0,Upi,1.4,2053.26,2024-02
ORD2979,2024-08-16,South,Books,Widget B,11.0,173.08,52.0,Upi,3.0,1903.88,2024-08
ORD1128,2024-08-12,East,Clothing,Item N,8.0,135.25,25.0,Upi,1.3,1082.0,2024-08
ORD2823,2024-04-01,Central,Books,Widget B,13.0,290.89,61.0,Credit Card,1.6,3781.57,2024-04
ORD2860,2024-05-09,East,Electronics,Widget A,1.0,153.35,42.0,Cash,1.5,153.35,2024-05
ORD1788,2024-08-18,Central,Clothing,Widget B,11.0,78.94,22.0,Upi,3.8,868.34,2024-08
ORD2377,2024-07-26,East,Toys,Widget A,13.0,298.4,36.0,Debit Card,2.5,3879.2,2024-07
ORD1522,2025-04-05,Central,Books,Item N,11.0,368.37,47.0,Credit Card,3.7,4052.07,2025-04
ORD1264,2024-09-09,North,Electronics,Accessory M,3.0,87.48,20.0,Net Banking,4.6,262.44,2024-09
ORD2674,2025-02-28,North,Toys,Accessory M,10.0,99.8,22.0,Credit Card,3.0,998.0,2025-02
ORD1947,2025-01-30,North,Home & Kitchen,Gadget Y,5.0,153.27,41.0,Cash,2.5,766.35,2025-01
ORD2611,2024-04-17,South,Books,Device Q,3.0,162.67,64.0,Debit Card,3.0,488.01,2024-04
ORD1663,2024-01-15,East,Clothing,Widget A,8.0,200.57,43.0,Credit Card,3.8,1604.56,2024-01
ORD1631,2024-03-13,South,Toys,Widget A,2.0,146.17,30.0,Credit Card,4.1,292.34,2024-03
ORD1498,2024-10-31,East,Electronics,Item N,8.0,281.99,38.0,Credit Card,3.0,2255.92,2024-10
ORD2667,2024-10-14,North,Home & Kitchen,Widget B,8.0,122.57,62.0,Debit Card,2.8,980.56,2024-10
ORD2343,2025-04-07,North,Electronics,Device Q,1.0,135.6,40.0,Upi,3.0,135.6,2025-04
ORD2681,2024-03-07,North,Electronics,Gadget X,4.0,110.19,46.0,Upi,4.2,440.76,2024-03
ORD2960,2025-03-11,South,Home & Kitchen,Widget A,14.0,361.08,29.0,Debit Card,2.7,5055.12,2025-03
ORD1432,2024-01-09,West,Clothing,Gizmo Z,8.0,208.57,65.0,Net Banking,1.3,1668.56,2024-01
ORD2173,2025-06-04,West,Sports,Gadget Y,1.0,206.8,66.0,Debit Card,3.1,206.8,2025-06
ORD2408,2025-02-07,Central,Books,Gadget Y,2.0,225.54,22.0,Upi,1.5,451.08,2025-02
ORD1068,2024-02-22,West,Home & Kitchen,Accessory M,10.0,126.71,43.0,Credit Card,2.5,1267.1,2024-02
ORD1953,2025-05-14,East,Toys,Accessory M,9.0,90.46,38.0,Cash,1.3,814.14,2025-05
ORD1688,2025-01-03,Central,Clothing,Gadget Y,14.0,170.95,34.0,Cash,3.9,2393.3,2025-01
ORD2660,2024-06-15,Central,Electronics,Gizmo Z,5.0,138.42,27.0,Cash,4.9,692.1,2024-06
ORD1848,2024-07-20,East,Clothing,Accessory M,13.0,228.01,43.0,Cash,3.0,2964.13,2024-07
ORD1573,2024-08-23,North,Home & Kitchen,Item N,12.0,105.91,42.0,Debit Card,2.7,1270.92,2024-08
ORD1334,2024-10-11,Central,Electronics,Gadget X,12.0,176.05,54.0,Cash,4.3,2112.6,2024-10
ORD1338,2024-04-03,East,Toys,Item N,7.0,159.67,45.0,Credit Card,1.8,1117.69,2024-04
ORD2124,2024-10-19,South,Books,Accessory M,6.0,186.655,21.0,Debit Card,3.4,1119.93,2024-10
ORD1664,2024-07-10,Central,Electronics,Gadget X,8.0,295.33,35.0,Debit Card,2.1,2362.64,2024-07
ORD1383,2025-02-16,South,Clothing,Device Q,11.0,202.8,49.0,Cash,2.4,2230.8,2025-02
ORD1055,2025-01-24,East,Electronics,Accessory M,12.0,171.01,67.0,Upi,4.2,2052.12,2025-01
ORD2896,2025-05-05,East,Electronics,Gadget X,14.0,143.02,52.0,Upi,1.4,2002.28,2025-05
ORD1810,2025-02-14,North,Electronics,Accessory M,4.0,250.7,20.0,Debit Card,1.2,1002.8,2025-02
ORD1720,2024-01-26,Central,Electronics,Item N,2.0,190.12,65.0,Credit Card,1.2,380.24,2024-01
ORD2555,2024-12-09,North,Clothing,Widget B,9.0,134.29,64.0,Cash,4.0,1208.61,2024-12
ORD1737,2024-01-10,Central,Sports,Accessory M,7.0,185.42,44.0,Net Banking,2.6,1297.94,2024-01
ORD2704,2025-05-29,North,Home & Kitchen,Gadget X,7.0,124.9,55.0,Upi,2.5,874.3,2025-05
ORD1170,2024-05-23,West,Toys,Widget A,1.0,119.43,56.0,Cash,2.6,119.43,2024-05
ORD1173,2024-07-05,North,Toys,Gadget Y,13.0,114.61,49.0,Debit Card,3.0,1489.93,2024-07
ORD1976,2024-05-25,East,Books,Gizmo Z,5.0,249.46,35.0,Net Banking,3.3,1247.3,2024-05
ORD1326,2024-09-28,South,Clothing,Device Q,1.0,192.21,51.0,Debit Card,3.9,192.21,2024-09
ORD1503,2025-01-07,Central,Toys,Widget B,3.0,171.95,65.0,Cash,4.4,515.85,2025-01
ORD2020,2024-06-02,South,Sports,Accessory M,1.0,360.51,41.0,Net Banking,4.4,360.51,2024-06
ORD1409,2025-03-30,East,Clothing,Widget B,11.0,93.34,56.0,Debit Card,2.4,1026.74,2025-03
ORD1915,2025-03-18,East,Books,Device Q,7.0,114.22,66.0,Debit Card,3.4,799.54,2025-03
ORD1297,2024-05-29,East,Toys,Gizmo Z,3.0,109.4,36.0,Upi,3.8,328.2,2024-05
ORD1901,2024-08-09,North,Sports,Widget B,7.0,190.62,53.0,Debit Card,1.7,1334.34,2024-08
ORD2025,2024-01-17,East,Home & Kitchen,Widget A,9.0,173.83,19.0,Credit Card,2.3,1564.47,2024-01
ORD2822,2024-06-03,Central,Electronics,Gizmo Z,7.0,327.85,60.0,Net Banking,3.3,2294.95,2024-06
ORD1857,2025-04-19,Central,Electronics,Device Q,3.0,131.69,18.0,Debit Card,1.2,395.07,2025-04
ORD1728,2025-06-15,Central,Sports,Gizmo Z,13.0,84.31,21.0,Net Banking,2.0,1096.03,2025-06
ORD1957,2024-06-06,North,Electronics,Gadget Y,21.5,170.28,26.0,Debit Card,1.0,3661.02,2024-06
ORD1671,2025-04-18,South,Home & Kitchen,Device Q,11.0,146.69,51.0,Net Banking,3.6,1613.59,2025-04
ORD1648,2025-06-09,Central,Electronics,Gizmo Z,5.0,300.51,36.0,Cash,1.7,1502.55,2025-06
ORD2728,2024-06-28,Central,Books,Gadget X,14.0,243.12,43.0,Credit Card,4.0,3403.68,2024-06
ORD2706,2024-08-24,West,Books,Gadget Y,11.0,396.69,18.0,Debit Card,1.5,4363.59,2024-08
ORD2562,2024-10-31,Central,Electronics,Gadget X,7.0,223.87,23.0,Debit Card,4.3,1567.09,2024-10
ORD2995,2024-10-28,North,Toys,Gadget X,14.0,113.62,41.0,Debit Card,4.0,1590.68,2024-10
ORD2772,2024-04-26,Central,Clothing,Widget A,6.0,208.33,57.0,Upi,4.6,1249.98,2024-04
ORD1734,2024-05-18,East,Toys,Gadget Y,9.0,282.1,48.0,Cash,1.9,2538.9,2024-05
ORD1531,2024-04-28,West,Electronics,Gizmo Z,6.0,220.83,24.0,Credit Card,1.3,1324.98,2024-04
ORD1407,2024-03-16,West,Toys,Widget A,1.0,176.175,68.0,Cash,2.6,176.18,2024-03
ORD1199,2024-04-08,South,Electronics,Widget A,2.0,112.16,23.0,Upi,2.6,224.32,2024-04
ORD1473,2024-12-26,North,Electronics,Device Q,10.0,315.91,57.0,Debit Card,4.2,3159.1,2024-12
ORD2232,2024-08-10,South,Clothing,Gadget Y,7.0,316.01,69.0,Net Banking,3.0,2212.07,2024-08
ORD2170,2024-07-13,West,Clothing,Gadget Y,13.0,298.02,34.0,Credit Card,4.2,3874.26,2024-07
ORD1748,2024-08-23,North,Clothing,Gadget X,1.0,139.65,61.0,Cash,4.5,139.65,2024-08
ORD1765,2024-05-11,East,Books,Accessory M,12.0,166.04,23.0,Net Banking,1.1,1992.48,2024-05
ORD1216,2024-12-03,Central,Sports,Gadget X,10.0,204.2,56.0,Debit Card,3.1,2042.0,2024-12
ORD1253,2025-06-01,South,Sports,Device Q,5.0,221.37,66.0,Cash,3.8,1106.85,2025-06
ORD1152,2024-01-02,Central,Books,Gizmo Z,11.0,272.08,43.0,Net Banking,4.7,2992.88,2024-01
ORD2558,2024-03-16,South,Clothing,Device Q,2.0,232.26,48.0,Debit Card,4.3,464.52,2024-03
ORD2571,2025-03-29,South,Clothing,Accessory M,5.0,108.43,42.0,Debit Card,4.4,542.15,2025-03
ORD1948,2025-06-15,Central,Home & Kitchen,Widget B,9.0,194.05,19.0,Debit Card,3.6,1746.45,2025-06
ORD2271,2025-03-05,East,Clothing,Gizmo Z,2.0,129.73,21.0,Debit Card,4.5,259.46,2025-03
ORD2789,2025-04-11,South,Books,Gadget Y,3.0,62.95,27.0,Upi,1.4,188.85,2025-04
ORD2926,2025-06-06,East,Toys,Device Q,4.0,242.33,45.0,Credit Card,4.2,969.32,2025-06
ORD1735,2025-05-25,East,Clothing,Device Q,3.0,182.32,19.0,Debit Card,3.0,546.96,2025-05
ORD2635,2024-06-02,North,Sports,Gizmo Z,9.0,159.43,40.0,Credit Card,2.6,1434.87,2024-06
ORD2834,2024-01-13,North,Electronics,Accessory M,6.0,222.54,26.0,Credit Card,3.2,1335.24,2024-01
ORD1530,2024-01-05,Central,Sports,Widget A,2.0,139.22,43.0,Credit Card,2.7,278.44,2024-01
ORD2156,2025-05-04,Central,Sports,Accessory M,14.0,110.57,27.0,Credit Card,4.6,1547.98,2025-05
ORD2268,2025-04-03,East,Clothing,Gadget Y,1.0,132.22,45.0,Credit Card,2.9,132.22,2025-04
ORD1240,2025-04-25,Central,Books,Item N,12.0,239.87,38.0,Upi,4.7,2878.44,2025-04
ORD2138,2024-08-13,North,Home & Kitchen,Gadget X,3.0,108.96,45.0,Net Banking,2.6,326.88,2024-08
ORD2513,2024-12-06,Central,Electronics,Widget B,13.0,225.32,65.0,Cash,2.4,2929.16,2024-12
ORD1187,2024-10-24,East,Home & Kitchen,Gadget Y,10.0,164.87,35.0,Upi,3.0,1648.7,2024-10
ORD1246,2024-01-17,West,Books,Gadget Y,6.0,186.655,68.0,Net Banking,1.4,1119.93,2024-01
ORD2953,2024-08-22,South,Electronics,Gadget X,1.0,134.66,34.0,Credit Card,2.7,134.66,2024-08
ORD2409,2025-05-30,East,Clothing,Widget B,7.0,55.86,52.0,Cash,1.7,391.02,2025-05
ORD2729,2025-02-10,North,Home & Kitchen,Gizmo Z,1.0,294.87,30.0,Credit Card,3.0,294.87,2025-02
ORD1730,2024-05-19,West,Books,Gadget X,9.0,75.67,27.0,Upi,4.2,681.03,2024-05
ORD1692,2024-11-15,South,Electronics,Device Q,5.0,389.46,30.0,Credit Card,2.4,1947.3,2024-11
ORD1302,2025-03-19,West,Electronics,Gadget Y,13.0,201.58,47.0,Credit Card,1.9,2620.54,2025-03
ORD1283,2025-06-08,West,Clothing,Device Q,5.0,239.13,61.0,Credit Card,3.6,1195.65,2025-06
ORD2966,2025-04-05,Central,Home & Kitchen,Item N,1.0,253.06,65.0,Debit Card,4.8,253.06,2025-04
ORD1505,2025-04-15,North,Books,Widget A,5.0,258.12,55.0,Credit Card,3.3,1290.6,2025-04
ORD2955,2025-06-17,East,Books,Accessory M,13.0,210.03,46.0,Upi,4.7,2730.39,2025-06
ORD1321,2025-05-27,South,Books,Device Q,4.0,230.15,53.0,Upi,4.1,920.6,2025-05
ORD2494,2024-09-07,South,Books,Gadget X,6.0,206.94,41.0,Cash,1.7,1241.64,2024-09
ORD2276,2025-05-03,Central,Electronics,Item N,7.0,89.5,52.0,Upi,4.9,626.5,2025-05
ORD2854,2024-07-10,Central,Home & Kitchen,Widget A,10.0,171.4,69.0,Upi,4.9,1714.0,2024-07
ORD1621,2024-01-05,South,Electronics,Widget A,3.0,68.49,51.0,Upi,1.8,205.47,2024-01
ORD2127,2024-12-09,West,Home & Kitchen,Gadget Y,14.0,70.47,48.0,Debit Card,3.9,986.58,2024-12
ORD2056,2024-09-24,Central,Sports,Widget A,11.0,318.1,38.0,Cash,4.5,3499.1,2024-09
ORD1122,2024-11-26,North,Books,Device Q,3.0,184.02,44.0,Cash,2.0,552.06,2024-11
ORD1840,2024-12-11,West,Clothing,Device Q,14.0,118.27,33.0,Credit Card,3.0,1655.78,2024-12
ORD1510,2025-01-07,Central,Electronics,Widget B,1.0,221.02,38.0,Net Banking,3.7,221.02,2025-01
ORD1280,2025-04-21,Central,Sports,Gizmo Z,5.0,118.92,42.0,Net Banking,2.1,594.6,2025-04
ORD2684,2024-09-15,Central,Home & Kitchen,Gadget Y,4.0,384.96,43.0,Net Banking,1.4,1539.84,2024-09
ORD2260,2024-10-11,Central,Home & Kitchen,Device Q,10.0,377.39,40.0,Debit Card,3.2,3773.9,2024-10
ORD2670,2024-12-18,North,Toys,Gadget Y,5.0,191.25,32.0,Net Banking,3.8,956.25,2024-12
ORD2309,2025-01-21,South,Books,Gizmo Z,1.0,236.23,43.0,Debit Card,4.3,236.23,2025-01
ORD2046,2024-11-13,Central,Sports,Gizmo Z,4.0,223.46,22.0,Debit Card,4.4,893.84,2024-11
ORD2527,2024-04-23,East,Electronics,Widget B,1.0,247.13,43.0,Upi,1.7,247.13,2024-04
ORD1756,2024-12-14,West,Toys,Accessory M,2.0,264.92,19.0,Upi,4.6,529.84,2024-12
ORD1677,2024-01-25,West,Home & Kitchen,Accessory M,14.0,359.52,47.0,Credit Card,4.7,5033.28,2024-01
ORD1518,2024-02-10,Central,Electronics,Device Q,5.0,265.46,56.0,Upi,4.1,1327.3,2024-02
ORD2805,2025-05-08,East,Books,Gadget Y,6.0,31.17,59.0,Upi,3.4,187.02,2025-05
ORD2528,2024-05-24,North,Home & Kitchen,Gizmo Z,8.0,192.905,48.0,Upi,4.0,1543.24,2024-05
ORD1067,2024-12-03,North,Clothing,Widget B,5.0,155.51,62.0,Upi,3.0,777.55,2024-12
ORD1332,2025-03-10,North,Sports,Device Q,2.0,227.4,51.0,Net Banking,4.8,454.8,2025-03
ORD1568,2025-03-13,Central,Books,Gadget X,10.0,124.61,45.0,Credit Card,3.0,1246.1,2025-03
ORD1882,2024-08-02,East,Electronics,Gizmo Z,5.0,126.72,49.0,Cash,2.8,633.6,2024-08
ORD2999,2024-01-13,South,Electronics,Item N,14.0,13.82,50.0,Upi,4.9,193.48,2024-01
ORD2449,2024-08-16,North,Home & Kitchen,Item N,2.0,173.57,24.0,Upi,1.4,347.14,2024-08
ORD2117,2025-01-23,Central,Electronics,Widget B,11.0,90.71,43.0,Net Banking,1.3,997.81,2025-01
ORD1472,2025-03-31,North,Sports,Widget B,14.0,190.62,47.0,Debit Card,3.5,2668.68,2025-03
ORD2592,2024-11-19,East,Books,Accessory M,10.0,143.9,37.0,Net Banking,3.0,1439.0,2024-11
ORD1511,2024-01-08,North,Books,Widget A,7.0,58.95,43.0,Debit Card,2.7,412.65,2024-01
ORD1477,2024-07-08,Central,Books,Device Q,10.0,186.655,46.0,Debit Card,2.7,1866.55,2024-07
ORD2796,2024-02-25,Central,Electronics,Widget B,14.0,280.0,56.0,Cash,3.0,3920.0,2024-02
ORD2417,2025-05-26,North,Books,Gadget Y,9.0,102.38,69.0,Credit Card,4.6,921.42,2025-05
ORD1318,2024-05-06,South,Sports,Widget B,3.0,127.6,50.0,Debit Card,1.7,382.8,2024-05
ORD1975,2024-03-15,South,Electronics,Widget A,7.0,170.56,35.0,Cash,4.7,1193.92,2024-03
ORD2741,2025-05-04,North,Sports,Accessory M,3.0,251.62,68.0,Credit Card,2.6,754.86,2025-05
ORD2866,2024-10-10,East,Clothing,Widget A,3.0,115.74,51.0,Cash,2.3,347.22,2024-10
ORD1581,2024-04-12,East,Clothing,Widget B,12.0,174.81,21.0,Debit Card,4.4,2097.72,2024-04
ORD1132,2024-09-15,North,Sports,Gizmo Z,5.0,62.19,69.0,Net Banking,1.8,310.95,2024-09
ORD2747,2024-08-03,North,Books,Widget A,2.0,183.02,41.0,Credit Card,1.1,366.04,2024-08
ORD1863,2024-01-25,North,Toys,Item N,14.0,215.8,65.0,Net Banking,2.6,3021.2,2024-01
ORD2433,2024-11-29,North,Sports,Accessory M,8.0,384.69,18.0,Cash,4.8,3077.52,2024-11
ORD2238,2025-03-30,Central,Toys,Device Q,13.0,123.12,27.0,Cash,1.5,1600.56,2025-03
ORD2976,2025-01-01,Central,Electronics,Widget B,5.0,202.5,41.0,Cash,4.0,1012.5,2025-01
ORD1368,2024-02-12,East,Clothing,Gizmo Z,7.0,196.99,66.0,Cash,4.7,1378.93,2024-02
ORD1732,2024-03-30,East,Books,Gadget X,14.0,186.62,46.0,Credit Card,3.4,2612.68,2024-03
ORD2379,2024-11-09,North,Clothing,Widget A,6.0,91.5,51.0,Upi,2.5,549.0,2024-11
ORD1125,2025-04-17,West,Home & Kitchen,Item N,3.0,66.87,46.0,Upi,3.2,200.61,2025-04
ORD2201,2024-05-26,West,Toys,Widget B,7.0,135.94,58.0,Net Banking,4.6,951.58,2024-05
ORD1256,2024-10-06,East,Clothing,Widget B,1.0,80.95,44.0,Net Banking,3.7,80.95,2024-10
ORD2993,2024-01-10,West,Books,Gadget X,1.0,119.19,60.0,Net Banking,1.5,119.19,2024-01
ORD2125,2025-03-07,East,Clothing,Gadget Y,11.0,133.1,25.0,Cash,1.8,1464.1,2025-03
ORD1289,2025-02-03,East,Electronics,Item N,2.0,112.36,41.0,Net Banking,2.3,224.72,2025-02
ORD2298,2025-06-07,West,Sports,Widget B,5.0,424.6474999999999,32.0,Debit Card,3.9,2123.24,2025-06
ORD1777,2025-05-17,North,Sports,Widget A,7.0,356.44,25.0,Credit Card,1.1,2495.08,2025-05
ORD1081,2024-03-03,West,Home & Kitchen,Accessory M,1.0,116.19,36.0,Upi,2.8,116.19,2024-03
ORD1053,2025-01-22,Central,Books,Widget B,13.0,204.66,18.0,Credit Card,2.8,2660.58,2025-01
ORD1927,2024-04-29,South,Clothing,Gadget Y,13.0,198.1,39.0,Credit Card,2.8,2575.3,2024-04
ORD2095,2025-03-01,South,Sports,Gizmo Z,9.0,133.79,30.0,Cash,2.0,1204.11,2025-03
ORD1557,2024-01-01,West,Books,Widget A,12.0,61.26,65.0,Credit Card,3.0,735.12,2024-01
ORD1040,2024-11-11,West,Electronics,Widget B,5.0,107.07,61.0,Upi,4.7,535.35,2024-11
ORD2241,2025-02-15,East,Clothing,Item N,2.0,230.58,19.0,Upi,4.4,461.16,2025-02
ORD1261,2024-04-08,East,Electronics,Widget A,14.0,205.33,51.0,Upi,2.5,2874.62,2024-04
ORD2584,2025-03-02,South,Electronics,Widget B,1.0,102.97,32.0,Debit Card,2.7,102.97,2025-03
ORD1930,2025-05-14,East,Toys,Device Q,4.0,107.01,68.0,Cash,3.8,428.04,2025-05
ORD1083,2025-05-13,South,Books,Gadget X,2.0,194.94,48.0,Upi,2.4,389.88,2025-05
ORD2699,2024-07-26,South,Home & Kitchen,Gizmo Z,13.0,333.2,28.0,Debit Card,4.0,4331.6,2024-07
ORD2229,2024-08-20,North,Books,Gizmo Z,6.0,195.46,32.0,Debit Card,2.2,1172.76,2024-08
ORD2573,2024-06-02,South,Toys,Device Q,3.0,344.74,46.0,Debit Card,2.5,1034.22,2024-06
ORD1841,2025-02-23,West,Clothing,Widget B,4.0,149.08,46.0,Upi,4.7,596.32,2025-02
ORD1030,2025-04-20,West,Electronics,Accessory M,14.0,290.6,27.0,Cash,4.3,4068.4,2025-04
ORD1513,2024-12-13,North,Sports,Accessory M,14.0,218.2,64.0,Debit Card,2.7,3054.8,2024-12
ORD2015,2025-05-05,North,Books,Gadget X,10.0,180.77,52.0,Cash,3.5,1807.7,2025-05
ORD2312,2025-01-12,North,Home & Kitchen,Item N,14.0,348.79,24.0,Upi,3.5,4883.06,2025-01
ORD2697,2024-10-29,East,Home & Kitchen,Gizmo Z,4.0,336.59,54.0,Debit Card,4.0,1346.36,2024-10
ORD2988,2024-04-13,South,Clothing,Accessory M,12.0,285.21,19.0,Debit Card,2.4,3422.52,2024-04
ORD2236,2025-04-11,Central,Toys,Widget A,6.0,396.19,18.0,Debit Card,3.8,2377.14,2025-04
ORD2320,2025-05-15,North,Books,Gizmo Z,9.0,406.05,20.0,Upi,2.2,3654.45,2025-05
ORD2826,2025-05-24,North,Home & Kitchen,Device Q,2.0,242.36,27.0,Cash,2.8,484.72,2025-05
ORD2606,2024-12-10,East,Electronics,Accessory M,1.0,133.49,67.0,Credit Card,3.3,133.49,2024-12
ORD2263,2025-04-04,West,Clothing,Item N,1.0,298.49,19.0,Net Banking,2.7,298.49,2025-04
ORD2858,2025-02-28,South,Sports,Widget B,12.0,208.48,29.0,Upi,2.3,2501.76,2025-02
ORD2898,2024-09-17,West,Clothing,Device Q,5.0,188.4,32.0,Net Banking,1.2,942.0,2024-09
ORD1048,2025-03-03,North,Books,Widget A,11.0,186.655,53.0,Net Banking,3.1,2053.2,2025-03
ORD2206,2024-12-28,East,Books,Device Q,4.0,74.62,43.0,Upi,4.2,298.48,2024-12
ORD2989,2025-04-27,East,Clothing,Accessory M,14.0,196.04,32.0,Cash,3.1,2744.56,2025-04
ORD1467,2025-03-26,East,Toys,Device Q,9.0,135.25,43.0,Upi,2.1,1217.25,2025-03
ORD1153,2024-08-07,South,Electronics,Widget B,6.0,193.5,68.0,Net Banking,3.0,1161.0,2024-08
ORD2589,2024-05-03,North,Electronics,Gizmo Z,2.0,380.13,33.0,Upi,3.2,760.26,2024-05
ORD2899,2024-12-15,South,Home & Kitchen,Widget B,12.0,150.97,24.0,Upi,5.0,1811.64,2024-12
ORD1394,2025-01-03,North,Home & Kitchen,Device Q,13.0,215.78,18.0,Debit Card,2.0,2805.14,2025-01
ORD1123,2025-05-20,West,Electronics,Widget A,14.0,133.46,41.0,Debit Card,1.9,1868.44,2025-05
ORD1355,2025-05-30,East,Home & Kitchen,Gizmo Z,5.0,197.34,38.0,Debit Card,1.2,986.7,2025-05
ORD1134,2025-03-31,West,Home & Kitchen,Widget B,10.0,125.15,43.0,Cash,4.5,1251.5,2025-03
ORD1268,2024-05-07,West,Home & Kitchen,Gizmo Z,7.0,345.18,19.0,Upi,2.9,2416.26,2024-05
ORD1385,2025-02-23,East,Clothing,Accessory M,10.0,101.43,21.0,Cash,3.4,1014.3,2025-02
ORD1609,2024-07-01,East,Clothing,Accessory M,7.0,275.97,30.0,Credit Card,4.1,1931.79,2024-07
ORD1220,2024-10-03,Central,Electronics,Gadget X,7.0,195.66,67.0,Upi,4.9,1369.62,2024-10
ORD1041,2024-01-14,West,Home & Kitchen,Gadget X,11.0,80.3,67.0,Net Banking,1.1,883.3,2024-01
ORD1219,2025-02-01,East,Books,Widget B,6.0,194.82,43.0,Debit Card,2.3,1168.92,2025-02
ORD1597,2024-05-17,Central,Books,Accessory M,11.0,111.13,40.0,Debit Card,2.3,1222.43,2024-05
ORD2273,2025-05-30,Central,Toys,Device Q,14.0,271.5,23.0,Cash,1.4,3801.0,2025-05
ORD2302,2025-06-22,West,Electronics,Gadget Y,7.0,168.96,51.0,Credit Card,2.0,1182.72,2025-06
ORD1680,2024-08-20,Central,Toys,Widget A,10.0,74.96,66.0,Cash,2.5,749.6,2024-08
ORD2134,2024-10-28,North,Electronics,Device Q,6.0,184.16,50.0,Credit Card,3.0,1104.96,2024-10
ORD2932,2024-05-03,Central,Electronics,Item N,10.0,122.69,25.0,Debit Card,1.1,1226.9,2024-05
ORD1875,2024-05-27,East,Electronics,Device Q,1.0,344.81,56.0,Credit Card,3.5,344.81,2024-05
ORD1541,2025-04-05,Central,Electronics,Device Q,8.0,87.71,27.0,Upi,1.6,701.68,2025-04
ORD2064,2024-09-06,West,Electronics,Widget A,6.0,141.81,45.0,Cash,2.3,850.86,2024-09
ORD1869,2024-03-03,South,Books,Gizmo Z,3.0,335.31,49.0,Net Banking,1.2,1005.93,2024-03
ORD2878,2024-03-27,South,Electronics,Accessory M,2.0,182.2,60.0,Debit Card,3.9,364.4,2024-03
ORD2906,2024-12-02,East,Sports,Accessory M,11.0,214.38,39.0,Cash,4.7,2358.18,2024-12
ORD2121,2025-01-10,North,Sports,Accessory M,10.0,142.0,66.0,Debit Card,3.2,1420.0,2025-01
ORD2587,2024-12-01,East,Electronics,Widget B,4.0,424.6474999999999,39.0,Net Banking,1.6,1698.59,2024-12
ORD2307,2024-01-27,Central,Books,Widget A,8.0,241.63,21.0,Cash,2.5,1933.04,2024-01
ORD2146,2024-08-13,Central,Books,Gadget Y,2.0,258.07,68.0,Debit Card,2.5,516.14,2024-08
ORD2106,2024-01-29,South,Electronics,Widget B,1.0,246.53,66.0,Upi,2.5,246.53,2024-01
ORD2598,2025-06-22,Central,Sports,Item N,13.0,215.34,43.0,Debit Card,1.6,2799.42,2025-06
ORD2847,2025-05-24,West,Electronics,Gizmo Z,1.0,110.28,35.0,Debit Card,4.9,110.28,2025-05
ORD2810,2024-04-10,South,Clothing,Device Q,8.0,203.14,43.0,Credit Card,2.9,1625.12,2024-04
ORD2403,2024-07-25,West,Toys,Item N,12.0,292.72,58.0,Cash,1.1,3512.64,2024-07
ORD2846,2024-07-01,South,Clothing,Gadget Y,9.0,124.03,67.0,Upi,3.0,1116.27,2024-07
ORD2886,2024-10-03,South,Sports,Widget B,3.0,109.27,54.0,Debit Card,2.2,327.81,2024-10
ORD2619,2024-03-24,South,Clothing,Widget A,9.0,201.65,19.0,Credit Card,4.4,1814.85,2024-03
ORD2376,2024-03-24,West,Home & Kitchen,Gizmo Z,9.0,85.92,50.0,Credit Card,4.7,773.28,2024-03
ORD1336,2024-03-09,East,Sports,Accessory M,13.0,258.85,29.0,Cash,4.2,3365.05,2024-03
ORD1232,2024-08-17,West,Sports,Gizmo Z,12.0,235.73,48.0,Upi,3.4,2828.76,2024-08
ORD2922,2024-12-16,Central,Home & Kitchen,Gadget Y,11.0,193.93,32.0,Debit Card,1.7,2133.23,2024-12
ORD2942,2025-05-11,Central,Electronics,Widget A,13.0,77.56,45.0,Credit Card,3.0,1008.28,2025-05
ORD1158,2024-02-22,South,Books,Gizmo Z,2.0,144.08,43.0,Upi,2.6,288.16,2024-02
ORD1468,2024-06-21,West,Electronics,Gadget Y,14.0,127.38,21.0,Debit Card,2.6,1783.32,2024-06
ORD2340,2024-03-28,North,Toys,Accessory M,8.0,424.6474999999999,40.0,Debit Card,4.4,3397.18,2024-03
ORD1872,2024-02-18,West,Clothing,Device Q,10.0,129.51,24.0,Debit Card,4.3,1295.1,2024-02
ORD2640,2024-06-15,East,Books,Gadget Y,12.0,140.0,50.0,Cash,3.0,1680.0,2024-06
ORD2047,2024-08-03,East,Electronics,Gadget Y,6.0,237.71,42.0,Debit Card,1.8,1426.26,2024-08
ORD2814,2025-02-23,West,Clothing,Item N,8.0,384.4,36.0,Cash,1.2,3075.2,2025-02
ORD2419,2025-02-21,Central,Toys,Accessory M,8.0,231.18,23.0,Cash,3.6,1849.44,2025-02
ORD1585,2024-11-30,West,Toys,Widget B,9.0,79.02,51.0,Credit Card,1.8,711.18,2024-11
ORD1205,2024-04-29,West,Sports,Widget A,8.0,221.57,43.0,Credit Card,1.2,1772.56,2024-04
ORD1003,2024-04-16,South,Sports,Widget B,12.0,106.53,46.0,Debit Card,4.4,1278.36,2024-04
ORD1905,2024-06-10,North,Sports,Gadget X,6.0,169.25,39.0,Cash,4.3,1015.5,2024-06
ORD2838,2024-07-31,North,Toys,Gadget X,9.0,130.34,21.0,Net Banking,5.0,1173.06,2024-07
ORD2183,2024-09-07,North,Home & Kitchen,Accessory M,12.0,104.0,42.0,Credit Card,3.4,1248.0,2024-09
ORD2869,2024-06-21,North,Books,Widget B,4.0,81.26,63.0,Cash,4.8,325.04,2024-06
ORD2737,2024-12-07,South,Clothing,Widget B,4.0,135.05,45.0,Debit Card,3.0,540.2,2024-12
ORD2082,2024-05-10,Central,Toys,Item N,12.0,211.2,33.0,Debit Card,3.8,2534.4,2024-05
ORD1693,2025-03-18,Central,Home & Kitchen,Gadget Y,2.0,134.64,44.0,Debit Card,3.0,269.28,2025-03
ORD2695,2025-04-21,East,Electronics,Item N,10.0,235.32,59.0,Cash,3.1,2353.2,2025-04
ORD2675,2025-05-31,Central,Home & Kitchen,Item N,7.0,61.98,49.0,Credit Card,1.8,433.86,2025-05
ORD1714,2024-01-04,East,Toys,Widget A,7.0,105.9,30.0,Upi,4.7,741.3,2024-01
ORD1970,2025-05-08,Central,Home & Kitchen,Item N,7.0,178.67,53.0,Debit Card,3.6,1250.69,2025-05
ORD2150,2025-05-31,North,Home & Kitchen,Gadget Y,1.0,52.37,24.0,Debit Card,4.1,52.37,2025-05
ORD1883,2025-03-10,North,Sports,Gadget Y,10.0,208.47,60.0,Cash,1.1,2084.7,2025-03
ORD2676,2025-03-03,South,Clothing,Item N,2.0,169.97,23.0,Net Banking,4.5,339.94,2025-03
ORD2074,2025-03-18,North,Home & Kitchen,Widget A,2.0,194.62,50.0,Credit Card,3.5,389.24,2025-03
ORD2128,2024-05-19,North,Electronics,Device Q,2.0,212.99,54.0,Credit Card,3.9,425.98,2024-05
ORD2600,2024-10-17,South,Books,Gadget Y,13.0,223.91,19.0,Net Banking,4.0,2910.83,2024-10
ORD2287,2025-03-15,Central,Books,Gadget Y,2.0,219.79,44.0,Debit Card,2.2,439.58,2025-03
ORD1157,2024-05-09,Central,Home & Kitchen,Widget B,3.0,240.88,47.0,Upi,3.0,722.64,2024-05
ORD2070,2025-04-21,East,Home & Kitchen,Item N,3.0,169.29,39.0,Credit Card,3.4,507.87,2025-04
ORD1523,2024-09-09,Central,Clothing,Accessory M,10.0,150.16,35.0,Net Banking,1.1,1501.6,2024-09
ORD1462,2024-06-15,West,Books,Device Q,6.0,136.75,49.0,Credit Card,1.1,820.5,2024-06
ORD1652,2024-08-03,East,Books,Gadget X,10.0,195.51,69.0,Upi,3.0,1955.1,2024-08
ORD1160,2024-09-03,South,Sports,Widget B,9.0,168.57,23.0,Credit Card,3.0,1517.13,2024-09
ORD1305,2024-01-05,West,Home & Kitchen,Gadget Y,9.0,180.2,43.0,Upi,4.2,1621.8,2024-01
ORD1656,2024-11-07,South,Electronics,Gizmo Z,10.0,226.57,47.0,Debit Card,4.9,2265.7,2024-11
ORD1547,2025-06-01,West,Clothing,Gizmo Z,14.0,336.83,65.0,Cash,1.8,4715.62,2025-06
ORD1713,2024-03-15,Central,Home & Kitchen,Gizmo Z,3.0,86.74,57.0,Credit Card,4.8,260.22,2024-03
ORD1395,2025-06-08,East,Clothing,Accessory M,2.0,123.09,33.0,Net Banking,1.8,246.18,2025-06
ORD1783,2025-03-23,North,Sports,Gadget X,6.0,185.68,22.0,Credit Card,4.3,1114.08,2025-03
ORD1399,2024-03-02,East,Electronics,Accessory M,1.0,217.32,43.0,Net Banking,4.1,217.32,2024-03
ORD1798,2025-05-31,South,Books,Widget A,8.0,360.87,67.0,Debit Card,3.0,2886.96,2025-05
ORD1618,2024-03-01,West,Clothing,Item N,1.0,207.7,21.0,Credit Card,1.2,207.7,2024-03
ORD2563,2025-05-11,West,Books,Device Q,9.0,161.39,43.0,Upi,4.1,1452.51,2025-05
ORD1508,2024-12-23,North,Home & Kitchen,Item N,11.0,234.21,65.0,Credit Card,3.9,2576.31,2024-12
ORD2390,2024-08-30,Central,Sports,Device Q,3.0,203.46,43.0,Net Banking,3.6,610.38,2024-08
ORD1736,2024-09-15,East,Books,Gadget Y,7.0,229.48,29.0,Upi,2.8,1606.36,2024-09
ORD2327,2024-09-30,North,Home & Kitchen,Device Q,2.0,299.83,42.0,Debit Card,4.0,599.66,2024-09
ORD2698,2024-11-06,South,Clothing,Widget B,1.0,188.4,58.0,Upi,3.0,188.4,2024-11
ORD2005,2024-11-05,North,Home & Kitchen,Device Q,3.0,127.52,63.0,Credit Card,1.2,382.56,2024-11
ORD1867,2024-06-25,West,Sports,Widget A,1.0,316.99,20.0,Debit Card,4.8,316.99,2024-06
ORD1459,2025-02-18,Central,Clothing,Widget A,7.0,169.23,20.0,Debit Card,2.8,1184.61,2025-02
ORD1971,2024-01-04,Central,Sports,Gizmo Z,6.0,188.35,43.0,Cash,1.7,1130.1,2024-01
ORD1062,2024-09-27,North,Home & Kitchen,Device Q,7.0,215.19,43.0,Credit Card,4.9,1506.33,2024-09
ORD2855,2024-01-17,East,Home & Kitchen,Widget B,11.0,362.32,48.0,Net Banking,3.0,3985.52,2024-01
ORD1871,2025-04-13,West,Sports,Gadget X,12.0,190.62,19.0,Debit Card,2.4,2287.44,2025-04
ORD1993,2024-05-09,West,Toys,Gizmo Z,8.0,209.69,53.0,Upi,3.5,1677.52,2024-05
ORD2605,2024-03-30,South,Toys,Accessory M,2.0,185.17,37.0,Credit Card,3.0,370.34,2024-03
ORD1457,2024-03-10,West,Sports,Accessory M,7.0,119.45,43.0,Upi,2.0,836.15,2024-03
ORD2908,2024-12-25,Central,Home & Kitchen,Widget B,8.0,174.67,39.0,Credit Card,3.0,1397.36,2024-12
ORD1478,2025-05-19,West,Electronics,Item N,1.0,135.88,21.0,Debit Card,3.0,135.88,2025-05
ORD2075,2025-05-04,South,Toys,Widget A,2.0,99.77,24.0,Net Banking,4.9,199.54,2025-05
ORD2688,2024-07-27,Central,Electronics,Accessory M,2.0,67.52,25.0,Debit Card,2.4,135.04,2024-07
ORD1870,2024-06-04,South,Clothing,Gizmo Z,11.0,406.71,40.0,Upi,1.6,4473.81,2024-06
ORD1790,2024-06-05,South,Books,Accessory M,11.0,179.63,32.0,Credit Card,3.8,1975.93,2024-06
ORD1617,2024-04-02,North,Home & Kitchen,Accessory M,14.0,103.4,37.0,Net Banking,1.7,1447.6,2024-04
ORD2883,2025-04-27,Central,Clothing,Accessory M,8.0,61.35,48.0,Cash,3.9,490.8,2025-04
ORD2980,2024-04-20,East,Sports,Item N,1.0,284.65,40.0,Credit Card,2.4,284.65,2024-04
ORD2904,2025-01-02,South,Electronics,Widget B,5.0,274.97,34.0,Net Banking,2.8,1374.85,2025-01
ORD2162,2024-06-08,East,Electronics,Gadget Y,5.0,105.24,47.0,Debit Card,2.9,526.2,2024-06
ORD2647,2024-08-13,North,Home & Kitchen,Widget A,5.0,174.84,62.0,Upi,1.1,874.2,2024-08
ORD1347,2024-12-22,East,Clothing,Accessory M,7.0,180.46,59.0,Debit Card,3.3,1263.22,2024-12
ORD2033,2024-08-16,West,Books,Gadget X,21.5,370.99,18.0,Upi,4.6,7976.28,2024-08
ORD2215,2025-06-18,East,Electronics,Item N,5.0,102.34,62.0,Cash,3.3,511.7,2025-06
ORD2790,2024-10-13,Central,Electronics,Gadget Y,10.0,260.63,66.0,Credit Card,4.1,2606.3,2024-10
ORD1760,2024-06-13,East,Clothing,Widget A,6.0,294.1,68.0,Cash,3.7,1764.6,2024-06
ORD1954,2025-05-20,West,Toys,Widget B,13.0,176.175,27.0,Net Banking,5.0,2290.28,2025-05
ORD1446,2025-02-25,North,Books,Device Q,4.0,424.6474999999999,50.0,Net Banking,3.0,1698.59,2025-02
ORD1650,2024-01-28,Central,Clothing,Widget A,11.0,198.58,36.0,Net Banking,2.0,2184.38,2024-01
ORD2313,2025-06-10,East,Clothing,Widget B,8.0,262.8,39.0,Net Banking,1.2,2102.4,2025-06
ORD2901,2025-06-03,East,Books,Device Q,11.0,126.43,62.0,Debit Card,1.3,1390.73,2025-06
ORD1379,2024-07-14,East,Sports,Accessory M,5.0,316.73,67.0,Upi,1.1,1583.65,2024-07
ORD1564,2024-04-04,South,Home & Kitchen,Gadget X,11.0,102.96,30.0,Debit Card,4.0,1132.56,2024-04
ORD2352,2024-07-12,South,Clothing,Widget A,1.0,399.98,43.0,Debit Card,3.4,399.98,2024-07
ORD2764,2024-04-04,West,Toys,Widget A,5.0,81.22,68.0,Debit Card,4.3,406.1,2024-04
ORD2634,2024-02-18,Central,Sports,Accessory M,11.0,143.11,31.0,Net Banking,3.4,1574.21,2024-02
ORD1956,2024-10-06,West,Sports,Gizmo Z,5.0,127.51,62.0,Upi,1.6,637.55,2024-10
ORD2946,2025-01-31,North,Home & Kitchen,Widget B,2.0,156.01,31.0,Debit Card,2.5,312.02,2025-01
ORD2624,2024-12-27,East,Toys,Item N,9.0,372.11,55.0,Net Banking,3.6,3348.99,2024-12
ORD1920,2024-02-20,South,Clothing,Widget A,14.0,188.4,35.0,Credit Card,2.6,2637.6,2024-02
ORD1231,2024-02-07,South,Electronics,Item N,4.0,119.59,46.0,Cash,1.7,478.36,2024-02
ORD2228,2024-04-22,East,Books,Accessory M,8.0,75.28,43.0,Upi,1.4,602.24,2024-04
ORD1382,2024-03-15,North,Sports,Gadget Y,9.0,190.62,56.0,Upi,4.5,1715.58,2024-03
ORD2279,2024-06-05,East,Clothing,Widget A,4.0,139.38,27.0,Credit Card,1.1,557.52,2024-06
ORD2423,2024-09-02,West,Sports,Gizmo Z,21.5,309.33,64.0,Upi,5.0,6650.59,2024-09
ORD1072,2025-05-07,West,Clothing,Gadget Y,1.0,323.39,32.0,Cash,3.2,323.39,2025-05
ORD1070,2024-07-06,North,Clothing,Widget B,5.0,95.68,65.0,Upi,3.0,478.4,2024-07
ORD2350,2024-04-25,North,Sports,Widget B,13.0,171.46,24.0,Debit Card,2.7,2228.98,2024-04
ORD2839,2024-12-03,East,Toys,Widget A,2.0,54.01,25.0,Cash,3.0,108.02,2024-12
ORD1171,2024-07-19,North,Sports,Gizmo Z,11.0,190.62,47.0,Credit Card,2.4,2096.82,2024-07
ORD2090,2024-12-14,West,Toys,Gadget Y,7.0,263.99,55.0,Cash,2.9,1847.93,2024-12
ORD1168,2024-07-16,North,Home & Kitchen,Widget A,4.0,236.35,39.0,Credit Card,3.0,945.4,2024-07
ORD1493,2025-06-15,North,Toys,Widget B,5.0,372.85,69.0,Credit Card,2.6,1864.25,2025-06
ORD2267,2024-03-19,South,Toys,Gizmo Z,4.0,310.12,69.0,Net Banking,3.9,1240.48,2024-03
ORD2044,2025-05-11,North,Books,Gadget Y,14.0,127.52,18.0,Debit Card,3.5,1785.28,2025-05
ORD2526,2025-02-17,West,Home & Kitchen,Device Q,3.0,88.6,30.0,Debit Card,2.3,265.8,2025-02
ORD1893,2024-01-19,South,Electronics,Accessory M,14.0,327.45,56.0,Upi,2.1,4584.3,2024-01
ORD1272,2024-06-03,East,Sports,Device Q,9.0,280.9,43.0,Cash,3.0,2528.1,2024-06
ORD2444,2024-05-09,West,Electronics,Widget B,2.0,241.23,66.0,Credit Card,3.0,482.46,2024-05
ORD1420,2024-05-30,North,Electronics,Gadget X,8.0,260.49,33.0,Upi,2.1,2083.92,2024-05
ORD1094,2024-02-02,Central,Clothing,Widget A,6.0,153.88,38.0,Net Banking,4.5,923.28,2024-02
ORD2384,2024-01-14,Central,Home & Kitchen,Accessory M,9.0,168.9,36.0,Upi,3.0,1520.1,2024-01
ORD2604,2024-01-02,Central,Home & Kitchen,Device Q,8.0,160.82,51.0,Debit Card,3.2,1286.56,2024-01
ORD2615,2024-08-28,West,Sports,Accessory M,10.0,217.91,43.0,Credit Card,1.0,2179.1,2024-08
ORD1042,2024-08-29,South,Home & Kitchen,Accessory M,8.0,160.1,56.0,Debit Card,4.1,1280.8,2024-08
ORD2621,2025-01-19,Central,Electronics,Widget A,3.0,235.75,47.0,Credit Card,4.3,707.25,2025-01
ORD2126,2025-02-02,West,Sports,Widget B,9.0,89.04,54.0,Upi,3.0,801.36,2025-02
ORD2190,2024-10-27,West,Electronics,Device Q,7.0,131.69,34.0,Cash,3.6,921.83,2024-10
ORD2304,2025-03-05,East,Books,Accessory M,4.0,197.26,37.0,Cash,2.2,789.04,2025-03
ORD1888,2025-03-04,South,Clothing,Gadget Y,1.0,46.97,27.0,Debit Card,1.6,46.97,2025-03
ORD1574,2025-01-23,West,Toys,Widget A,4.0,185.29,19.0,Cash,1.5,741.16,2025-01
ORD1038,2024-09-30,Central,Home & Kitchen,Device Q,9.0,146.53,59.0,Upi,3.0,1318.77,2024-09
ORD1306,2024-04-12,West,Home & Kitchen,Gadget X,9.0,229.66,66.0,Debit Card,2.3,2066.94,2024-04
ORD1668,2024-09-29,South,Electronics,Accessory M,5.0,179.27,43.0,Debit Card,1.4,896.35,2024-09
ORD1006,2024-05-01,West,Toys,Widget B,10.0,160.57,20.0,Credit Card,3.6,1605.7,2024-05
ORD2077,2025-06-09,South,Home & Kitchen,Item N,6.0,250.92,43.0,Upi,3.9,1505.52,2025-06
ORD1782,2024-06-27,North,Toys,Item N,1.0,142.77,20.0,Net Banking,2.1,142.77,2024-06
ORD1408,2024-09-21,North,Books,Gadget Y,3.0,143.79,25.0,Net Banking,3.0,431.37,2024-09
ORD2018,2025-04-26,North,Clothing,Accessory M,12.0,188.4,54.0,Cash,1.2,2260.8,2025-04
ORD1781,2025-01-25,North,Toys,Widget A,12.0,75.76,23.0,Upi,2.1,909.12,2025-01
ORD1166,2024-10-20,East,Electronics,Widget B,9.0,253.28,49.0,Upi,4.5,2279.52,2024-10
ORD1534,2024-05-25,Central,Toys,Gadget X,10.0,180.71,18.0,Net Banking,3.7,1807.1,2024-05
ORD1583,2024-11-01,North,Electronics,Item N,8.0,114.4,43.0,Debit Card,4.0,915.2,2024-11
ORD2274,2024-04-08,West,Books,Widget A,11.0,233.77,47.0,Credit Card,2.7,2571.47,2024-04
ORD2934,2024-06-20,South,Clothing,Device Q,7.0,89.12,43.0,Net Banking,2.3,623.84,2024-06
ORD2445,2024-05-24,Central,Books,Item N,2.0,144.09,42.0,Debit Card,2.1,288.18,2024-05
ORD2252,2025-06-07,Central,Toys,Gadget X,7.0,203.77,60.0,Credit Card,3.7,1426.39,2025-06
ORD2736,2024-05-22,Central,Home & Kitchen,Widget B,4.0,206.93,26.0,Cash,3.8,827.72,2024-05
ORD2491,2024-10-02,South,Home & Kitchen,Gadget X,8.0,294.8,62.0,Debit Card,4.1,2358.4,2024-10
ORD1813,2024-10-09,Central,Home & Kitchen,Accessory M,3.0,247.65,64.0,Cash,4.1,742.95,2024-10
ORD1316,2025-04-18,West,Home & Kitchen,Item N,9.0,343.97,35.0,Cash,1.4,3095.73,2025-04
ORD2303,2024-02-29,West,Clothing,Accessory M,7.0,258.72,44.0,Debit Card,2.5,1811.04,2024-02
ORD2750,2024-03-07,East,Toys,Accessory M,14.0,96.43,46.0,Upi,2.9,1350.02,2024-03
ORD1516,2024-06-26,East,Toys,Gadget Y,12.0,177.0,24.0,Net Banking,2.5,2124.0,2024-06
ORD2696,2024-10-13,South,Toys,Gadget Y,6.0,294.22,28.0,Net Banking,3.5,1765.32,2024-10
ORD1533,2024-03-05,North,Toys,Gadget Y,11.0,389.42,22.0,Net Banking,4.7,4283.62,2024-03
ORD2062,2025-02-04,North,Books,Widget B,11.0,154.9,25.0,Upi,2.9,1703.9,2025-02
ORD1271,2024-10-14,West,Electronics,Widget B,8.0,169.09,48.0,Debit Card,2.1,1352.72,2024-10
ORD1548,2025-04-20,North,Sports,Widget B,2.0,147.64,57.0,Debit Card,3.9,295.28,2025-04
ORD1964,2024-08-24,North,Electronics,Gadget Y,12.0,368.35,36.0,Debit Card,4.1,4420.2,2024-08
ORD2725,2024-12-26,North,Home & Kitchen,Gadget Y,2.0,143.21,46.0,Net Banking,2.0,286.42,2024-12
ORD2918,2024-05-28,Central,Home & Kitchen,Gadget Y,4.0,56.35,26.0,Credit Card,4.2,225.4,2024-05
ORD1598,2024-07-02,East,Books,Gadget Y,2.0,170.19,61.0,Debit Card,3.4,340.38,2024-07
ORD2710,2025-05-31,East,Books,Item N,13.0,238.21,31.0,Net Banking,1.3,3096.73,2025-05
ORD1570,2024-11-01,South,Sports,Accessory M,3.0,181.9,23.0,Debit Card,4.7,545.7,2024-11
ORD1074,2024-06-05,East,Books,Device Q,5.0,250.9,67.0,Debit Card,5.0,1254.5,2024-06
ORD1061,2024-09-26,West,Toys,Gizmo Z,1.0,189.23,23.0,Net Banking,3.5,189.23,2024-09
ORD2264,2024-01-07,North,Sports,Gadget Y,1.0,190.62,32.0,Net Banking,2.7,190.62,2024-01
ORD1809,2024-05-09,West,Home & Kitchen,Device Q,6.0,197.41,43.0,Credit Card,1.6,1184.46,2024-05
ORD1244,2024-02-18,South,Toys,Gizmo Z,8.0,308.92,43.0,Cash,1.6,2471.36,2024-02
ORD2464,2025-05-27,North,Clothing,Widget A,1.0,135.98,32.0,Debit Card,1.3,135.98,2025-05
ORD1105,2024-07-25,Central,Books,Gizmo Z,9.0,232.46,67.0,Debit Card,4.1,2092.14,2024-07
ORD1673,2025-06-20,Central,Clothing,Accessory M,5.0,183.2,40.0,Debit Card,2.5,916.0,2025-06
ORD1642,2024-01-26,South,Sports,Item N,11.0,126.3,27.0,Credit Card,3.7,1389.3,2024-01
ORD2286,2025-01-16,Central,Clothing,Gadget Y,9.0,397.46,34.0,Debit Card,4.6,3577.14,2025-01
ORD1665,2025-04-29,Central,Toys,Accessory M,10.0,316.93,61.0,Debit Card,4.3,3169.3,2025-04
ORD1509,2025-02-11,North,Books,Widget B,11.0,128.34,40.0,Net Banking,1.2,1411.74,2025-02
ORD1131,2024-10-09,South,Electronics,Item N,13.0,124.02,22.0,Credit Card,4.3,1612.26,2024-10
ORD1444,2024-01-29,North,Books,Device Q,8.0,200.28,41.0,Net Banking,4.9,1602.24,2024-01
ORD1866,2024-06-09,West,Toys,Accessory M,9.0,335.38,29.0,Upi,3.0,3018.42,2024-06
ORD2861,2024-01-29,North,Sports,Gizmo Z,3.0,145.69,62.0,Debit Card,3.0,437.07,2024-01
ORD2801,2024-05-28,West,Books,Widget B,3.0,164.5,26.0,Debit Card,1.3,493.5,2024-05
ORD1057,2025-04-21,West,Clothing,Gadget X,1.0,273.76,33.0,Upi,1.9,273.76,2025-04
ORD2680,2024-08-17,North,Clothing,Widget A,1.0,221.64,30.0,Cash,2.5,221.64,2024-08
ORD2085,2024-12-29,West,Sports,Gadget X,7.0,169.47,69.0,Debit Card,1.6,1186.29,2024-12
ORD1086,2024-10-15,Central,Clothing,Item N,14.0,424.6474999999999,60.0,Net Banking,1.6,5945.06,2024-10
ORD2876,2024-07-18,West,Books,Device Q,10.0,286.32,37.0,Debit Card,3.9,2863.2,2024-07
ORD1771,2025-06-09,South,Toys,Item N,2.0,244.94,26.0,Cash,2.9,489.88,2025-06
ORD2247,2025-04-28,East,Electronics,Gizmo Z,9.0,156.41,43.0,Upi,4.2,1407.69,2025-04
ORD1708,2024-08-16,East,Toys,Device Q,4.0,74.9,50.0,Cash,1.4,299.6,2024-08
ORD2578,2024-10-26,South,Sports,Accessory M,10.0,119.19,21.0,Net Banking,3.0,1191.9,2024-10
ORD2355,2024-05-01,Central,Electronics,Accessory M,5.0,380.46,51.0,Upi,4.8,1902.3,2024-05
ORD2583,2024-12-29,East,Books,Item N,13.0,150.68,32.0,Debit Card,4.5,1958.84,2024-12
ORD1538,2024-10-08,Central,Home & Kitchen,Device Q,8.0,210.05,42.0,Upi,1.3,1680.4,2024-10
ORD2453,2025-04-04,North,Sports,Widget B,11.0,141.38,34.0,Upi,1.9,1555.18,2025-04
ORD2195,2024-11-18,North,Sports,Gadget X,7.0,193.36,24.0,Upi,2.2,1353.52,2024-11
ORD2574,2024-01-12,North,Electronics,Gizmo Z,6.0,122.25,48.0,Net Banking,1.2,733.5,2024-01
ORD2779,2024-05-07,South,Clothing,Gizmo Z,5.0,205.44,39.0,Upi,2.9,1027.2,2024-05
ORD1418,2025-04-13,West,Books,Item N,10.0,71.66,60.0,Cash,4.3,716.6,2025-04
ORD2871,2025-02-19,East,Toys,Device Q,2.0,148.79,25.0,Net Banking,4.6,297.58,2025-02
ORD2073,2025-02-05,South,Home & Kitchen,Accessory M,5.0,133.8,67.0,Upi,2.1,669.0,2025-02
ORD2726,2024-12-06,South,Home & Kitchen,Gadget X,5.0,424.6474999999999,58.0,Net Banking,3.0,2123.24,2024-12
ORD2296,2024-06-10,Central,Home & Kitchen,Gadget X,13.0,192.905,65.0,Debit Card,4.1,2507.76,2024-06
ORD1851,2024-04-26,Central,Books,Gadget Y,10.0,285.78,39.0,Debit Card,4.1,2857.8,2024-04
ORD2771,2024-01-25,North,Electronics,Gadget Y,3.0,201.24,26.0,Credit Card,2.5,603.72,2024-01
ORD2748,2025-04-06,East,Home & Kitchen,Gizmo Z,11.0,148.25,30.0,Upi,4.1,1630.75,2025-04
ORD2743,2024-08-26,North,Electronics,Gadget Y,6.0,76.25,22.0,Upi,4.4,457.5,2024-08
ORD2785,2024-02-12,North,Clothing,Gizmo Z,10.0,90.86,47.0,Net Banking,1.8,908.6,2024-02
ORD2556,2025-03-30,North,Home & Kitchen,Device Q,9.0,300.14,44.0,Net Banking,4.2,2701.26,2025-03
ORD2751,2024-01-07,Central,Home & Kitchen,Widget B,6.0,125.59,25.0,Debit Card,4.2,753.54,2024-01
ORD2818,2024-03-03,West,Clothing,Widget A,10.0,162.98,49.0,Cash,5.0,1629.8,2024-03
ORD1304,2024-02-22,East,Home & Kitchen,Gadget Y,12.0,178.56,61.0,Cash,4.4,2142.72,2024-02
ORD2533,2024-05-26,South,Books,Accessory M,1.0,406.52,18.0,Upi,4.7,406.52,2024-05
ORD1335,2024-08-07,West,Electronics,Item N,13.0,139.3,21.0,Net Banking,3.0,1810.9,2024-08
ORD1995,2024-10-18,South,Books,Gadget Y,12.0,248.48,47.0,Credit Card,3.0,2981.76,2024-10
ORD1569,2024-04-27,South,Clothing,Widget B,11.0,279.26,28.0,Cash,2.1,3071.86,2024-04
ORD1088,2025-05-04,North,Electronics,Widget A,13.0,124.64,59.0,Cash,2.4,1620.32,2025-05
ORD1874,2024-12-26,West,Books,Widget B,1.0,112.86,49.0,Upi,1.7,112.86,2024-12
ORD2242,2024-11-30,East,Toys,Widget B,3.0,108.55,66.0,Debit Card,4.0,325.65,2024-11
ORD2542,2024-06-07,Central,Toys,Widget A,2.0,424.6474999999999,55.0,Debit Card,3.0,849.29,2024-06
ORD1712,2025-04-12,West,Home & Kitchen,Gadget Y,8.0,205.55,58.0,Upi,1.6,1644.4,2025-04
ORD2768,2025-01-15,East,Home & Kitchen,Item N,14.0,265.75,53.0,Credit Card,3.0,3720.5,2025-01
ORD2873,2024-03-27,Central,Electronics,Gizmo Z,6.0,414.93,60.0,Debit Card,3.0,2489.58,2024-03
ORD2397,2024-12-17,West,Toys,Gadget X,10.0,176.175,25.0,Net Banking,2.5,1761.75,2024-12
ORD1221,2025-05-18,North,Clothing,Item N,5.0,113.92,27.0,Upi,3.0,569.6,2025-05
ORD1319,2025-01-27,Central,Clothing,Gadget Y,12.0,144.4,51.0,Credit Card,1.1,1732.8,2025-01
ORD2777,2024-06-21,South,Books,Gadget X,4.0,177.69,37.0,Cash,3.0,710.76,2024-06
ORD1878,2024-03-03,West,Books,Gadget Y,14.0,269.77,60.0,Debit Card,1.4,3776.78,2024-03
ORD2824,2025-06-09,South,Books,Gadget Y,9.0,165.69,54.0,Debit Card,4.4,1491.21,2025-06
ORD1825,2024-07-28,East,Home & Kitchen,Widget A,11.0,238.14,43.0,Net Banking,1.7,2619.54,2024-07
ORD2468,2024-04-16,East,Electronics,Gadget X,4.0,133.36,22.0,Net Banking,1.3,533.44,2024-04
ORD2483,2024-02-04,North,Clothing,Accessory M,14.0,88.9,65.0,Upi,4.6,1244.6,2024-02
ORD1138,2024-08-21,East,Electronics,Device Q,9.0,182.375,47.0,Credit Card,3.9,1641.38,2024-08
ORD1163,2024-07-02,South,Toys,Gadget Y,5.0,111.05,43.0,Debit Card,3.0,555.25,2024-07
ORD2804,2024-07-08,West,Books,Item N,1.0,186.655,53.0,Upi,3.2,186.66,2024-07
ORD2466,2024-10-10,North,Electronics,Widget B,2.0,182.375,68.0,Debit Card,4.2,364.75,2024-10
ORD1960,2024-04-24,Central,Books,Item N,11.0,72.05,68.0,Debit Card,1.1,792.55,2024-04
ORD2482,2024-04-28,East,Sports,Widget A,8.0,228.39,43.0,Net Banking,4.8,1827.12,2024-04
ORD2257,2024-07-28,South,Sports,Gizmo Z,3.0,146.91,41.0,Net Banking,2.4,440.73,2024-07
ORD2194,2024-04-24,East,Home & Kitchen,Gadget Y,2.0,424.6474999999999,27.0,Credit Card,3.0,849.29,2024-04
ORD2954,2024-12-10,Central,Sports,Gizmo Z,14.0,138.74,68.0,Debit Card,3.5,1942.36,2024-12
ORD2315,2024-07-24,North,Home & Kitchen,Widget A,13.0,249.08,47.0,Cash,3.7,3238.04,2024-07
ORD2827,2024-07-01,East,Electronics,Device Q,9.0,100.97,48.0,Credit Card,2.1,908.73,2024-07
ORD1633,2024-02-16,South,Sports,Device Q,11.0,335.47,21.0,Debit Card,4.4,3690.17,2024-02
ORD2203,2024-06-16,East,Clothing,Gizmo Z,11.0,195.58,46.0,Credit Card,4.6,2151.38,2024-06
ORD1655,2025-06-09,West,Toys,Gizmo Z,13.0,144.66,54.0,Credit Card,1.7,1880.58,2025-06
ORD1016,2024-12-09,Central,Electronics,Gadget Y,5.0,117.76,33.0,Debit Card,4.0,588.8,2024-12
ORD2651,2024-06-08,East,Sports,Accessory M,13.0,222.2,47.0,Cash,1.2,2888.6,2024-06
ORD2180,2024-05-03,East,Sports,Widget B,3.0,296.34,42.0,Debit Card,2.1,889.02,2024-05
ORD1137,2024-08-12,West,Books,Gadget Y,11.0,323.46,66.0,Cash,1.3,3558.06,2024-08
ORD2240,2024-08-11,Central,Books,Gizmo Z,7.0,183.77,64.0,Cash,3.0,1286.39,2024-08
ORD1697,2025-03-12,East,Home & Kitchen,Gadget X,2.0,148.85,43.0,Credit Card,4.6,297.7,2025-03
ORD2097,2025-03-25,South,Toys,Widget B,3.0,211.78,68.0,Credit Card,3.0,635.34,2025-03
ORD1448,2025-05-10,West,Electronics,Gizmo Z,2.0,313.62,65.0,Credit Card,1.3,627.24,2025-05
ORD2943,2024-08-20,Central,Toys,Gizmo Z,10.0,316.1,63.0,Debit Card,3.6,3161.0,2024-08
ORD1327,2024-07-07,North,Electronics,Widget B,8.0,147.42,65.0,Upi,1.4,1179.36,2024-07
ORD1317,2024-04-26,West,Toys,Gadget X,6.0,424.6474999999999,40.0,Net Banking,4.2,2547.88,2024-04
ORD2548,2024-01-19,North,Home & Kitchen,Accessory M,5.0,192.28,53.0,Upi,1.8,961.4,2024-01
ORD1526,2025-03-25,East,Toys,Gizmo Z,4.0,133.62,43.0,Upi,3.3,534.48,2025-03
ORD1087,2025-01-13,East,Sports,Item N,10.0,104.78,46.0,Debit Card,4.3,1047.8,2025-01
ORD2654,2025-05-23,Central,Toys,Gadget Y,4.0,214.66,47.0,Debit Card,1.2,858.64,2025-05
ORD1148,2025-01-21,East,Home & Kitchen,Item N,6.0,205.56,30.0,Debit Card,1.1,1233.36,2025-01
ORD2643,2025-03-14,East,Clothing,Widget B,1.0,140.69,36.0,Cash,4.6,140.69,2025-03
ORD2223,2025-06-07,Central,Sports,Gizmo Z,5.0,319.23,43.0,Upi,4.0,1596.15,2025-06
ORD2478,2024-10-19,East,Books,Gadget X,1.0,280.48,53.0,Credit Card,4.2,280.48,2024-10
ORD1365,2024-09-24,West,Toys,Widget B,10.0,110.57,30.0,Credit Card,1.4,1105.7,2024-09
ORD1589,2024-09-05,Central,Clothing,Gadget X,5.0,280.93,37.0,Cash,5.0,1404.65,2024-09
ORD2529,2025-06-21,South,Clothing,Gizmo Z,13.0,133.57,33.0,Debit Card,1.8,1736.41,2025-06
ORD1198,2024-08-20,East,Electronics,Gadget Y,3.0,259.43,28.0,Cash,2.0,778.29,2024-08
ORD2920,2025-01-08,East,Electronics,Gizmo Z,12.0,239.84,53.0,Net Banking,1.8,2878.08,2025-01
ORD1192,2024-10-30,South,Electronics,Gadget Y,12.0,198.86,33.0,Cash,3.3,2386.32,2024-10
ORD1404,2025-01-30,North,Books,Widget B,1.0,332.01,60.0,Debit Card,3.3,332.01,2025-01
ORD2594,2025-04-14,North,Clothing,Widget B,8.0,214.9,20.0,Credit Card,4.8,1719.2,2025-04
ORD1483,2024-04-26,South,Clothing,Gizmo Z,8.0,234.78,46.0,Upi,2.4,1878.24,2024-04
ORD2477,2025-05-25,South,Electronics,Gadget Y,2.0,131.38,29.0,Upi,1.5,262.76,2025-05
ORD1791,2025-03-16,Central,Sports,Widget B,4.0,180.91,51.0,Upi,4.0,723.64,2025-03
ORD1799,2024-04-27,North,Sports,Gadget X,9.0,216.52,47.0,Debit Card,3.7,1948.68,2024-04
ORD1384,2025-01-10,North,Clothing,Gadget Y,1.0,60.37,66.0,Cash,4.6,60.37,2025-01
ORD1750,2025-01-10,West,Books,Gizmo Z,3.0,58.18,41.0,Debit Card,1.3,174.54,2025-01
ORD1422,2024-02-08,North,Sports,Accessory M,11.0,111.46,59.0,Debit Card,3.0,1226.06,2024-02
ORD1314,2024-02-27,East,Electronics,Gadget Y,7.0,111.58,30.0,Debit Card,3.0,781.06,2024-02
ORD2021,2025-03-25,West,Toys,Widget B,9.0,122.71,51.0,Net Banking,3.9,1104.39,2025-03
ORD1543,2024-04-08,West,Home & Kitchen,Item N,11.0,132.01,34.0,Cash,2.7,1452.11,2024-04
ORD1913,2024-01-08,Central,Books,Widget A,7.0,170.53,68.0,Cash,1.3,1193.71,2024-01
ORD1662,2025-05-20,South,Toys,Gizmo Z,12.0,254.0,54.0,Upi,1.8,3048.0,2025-05
ORD1902,2024-09-20,North,Clothing,Widget B,4.0,68.67,43.0,Cash,4.2,274.68,2024-09
ORD2414,2025-02-23,West,Home & Kitchen,Gadget X,1.0,166.66,33.0,Debit Card,2.5,166.66,2025-02
ORD1685,2024-04-20,Central,Sports,Item N,8.0,74.71,35.0,Cash,1.1,597.68,2024-04
ORD1159,2025-02-19,Central,Electronics,Widget A,7.0,159.55,52.0,Credit Card,1.7,1116.85,2025-02
ORD1999,2024-10-22,North,Electronics,Widget B,11.0,267.81,62.0,Net Banking,4.1,2945.91,2024-10
ORD2316,2025-03-30,East,Home & Kitchen,Item N,12.0,230.99,54.0,Credit Card,1.8,2771.88,2025-03
ORD2800,2024-04-08,East,Toys,Device Q,1.0,335.94,43.0,Debit Card,3.0,335.94,2024-04
ORD1202,2025-02-07,East,Clothing,Gizmo Z,2.0,103.68,55.0,Net Banking,3.6,207.36,2025-02
ORD2023,2024-03-13,Central,Home & Kitchen,Gadget X,10.0,205.31,21.0,Cash,1.8,2053.1,2024-03
ORD2553,2024-12-30,North,Electronics,Gadget X,13.0,260.24,20.0,Net Banking,2.0,3383.12,2024-12
ORD2342,2024-02-15,West,Books,Widget B,3.0,72.01,46.0,Upi,3.5,216.03,2024-02
ORD1112,2024-08-18,East,Toys,Accessory M,13.0,199.59,24.0,Net Banking,3.3,2594.67,2024-08
ORD2830,2024-09-02,West,Books,Gadget X,3.0,163.23,41.0,Upi,3.0,489.69,2024-09
ORD2249,2024-11-19,Central,Books,Device Q,13.0,187.84,43.0,Debit Card,1.8,2441.92,2024-11
ORD1980,2024-02-10,Central,Home & Kitchen,Widget A,14.0,134.34,19.0,Cash,1.1,1880.76,2024-02
ORD1922,2025-02-21,Central,Toys,Gizmo Z,8.0,152.85,24.0,Upi,2.4,1222.8,2025-02
ORD2537,2024-03-09,East,Sports,Gizmo Z,7.0,170.78,67.0,Net Banking,3.4,1195.46,2024-03
ORD2609,2024-09-19,South,Home & Kitchen,Gizmo Z,9.0,225.94,42.0,Net Banking,2.4,2033.46,2024-09
ORD2714,2024-10-12,North,Home & Kitchen,Device Q,10.0,192.905,66.0,Net Banking,2.1,1929.05,2024-10
ORD2868,2024-03-19,South,Electronics,Gadget Y,2.0,147.55,20.0,Upi,1.2,295.1,2024-03
ORD1815,2024-01-11,Central,Clothing,Item N,14.0,188.71,51.0,Credit Card,3.0,2641.94,2024-01
ORD2381,2025-02-13,Central,Sports,Widget B,6.0,296.37,48.0,Cash,4.0,1778.22,2025-02
ORD2306,2025-06-03,North,Books,Widget A,14.0,334.61,49.0,Debit Card,3.0,4684.54,2025-06
ORD1679,2024-03-07,North,Books,Widget B,7.0,87.67,59.0,Net Banking,4.2,613.69,2024-03
ORD2093,2024-01-16,North,Sports,Gizmo Z,7.0,76.14,58.0,Credit Card,2.4,532.98,2024-01
ORD1080,2025-04-16,North,Sports,Accessory M,21.5,125.9,58.0,Debit Card,3.9,2706.85,2025-04
ORD2782,2025-06-15,West,Toys,Device Q,2.0,176.175,60.0,Debit Card,4.8,352.35,2025-06
ORD2755,2025-02-08,West,Books,Item N,14.0,211.69,43.0,Credit Card,1.9,2963.66,2025-02
ORD2552,2024-10-05,West,Home & Kitchen,Accessory M,8.0,219.11,63.0,Cash,1.8,1752.88,2024-10
ORD1752,2024-05-16,East,Sports,Widget B,6.0,319.48,27.0,Net Banking,3.3,1916.88,2024-05
ORD2334,2024-01-11,North,Home & Kitchen,Widget B,5.0,158.26,40.0,Cash,3.0,791.3,2024-01
ORD2054,2025-04-10,South,Home & Kitchen,Item N,12.0,197.92,66.0,Upi,4.0,2375.04,2025-04
ORD1242,2025-05-30,East,Books,Widget B,12.0,243.89,63.0,Upi,2.6,2926.68,2025-05
ORD2473,2024-06-04,East,Toys,Device Q,4.0,229.81,69.0,Debit Card,1.3,919.24,2024-06
ORD1641,2024-12-02,Central,Sports,Gadget Y,9.0,108.45,60.0,Debit Card,3.0,976.05,2024-12
ORD1696,2024-10-15,East,Books,Item N,10.0,137.43,43.0,Credit Card,1.3,1374.3,2024-10
ORD1209,2024-09-10,East,Clothing,Gadget Y,10.0,230.24,57.0,Debit Card,1.6,2302.4,2024-09
ORD1577,2024-07-25,East,Books,Widget B,7.0,237.23,50.0,Debit Card,2.4,1660.61,2024-07
ORD1770,2024-10-21,East,Toys,Widget B,9.0,330.98,38.0,Debit Card,3.6,2978.82,2024-10
ORD2776,2024-03-19,North,Electronics,Widget B,11.0,182.375,50.0,Net Banking,4.6,2006.12,2024-03
ORD1435,2024-09-09,West,Electronics,Gizmo Z,3.0,194.03,61.0,Credit Card,2.5,582.09,2024-09
ORD2063,2024-03-26,Central,Sports,Widget B,13.0,163.11,26.0,Upi,2.4,2120.43,2024-03
ORD1974,2024-04-18,West,Home & Kitchen,Device Q,13.0,216.18,38.0,Upi,1.2,2810.34,2024-04
ORD1551,2025-04-02,Central,Electronics,Widget A,10.0,126.47,32.0,Upi,3.0,1264.7,2025-04
ORD2411,2025-01-16,East,Books,Gizmo Z,11.0,160.66,21.0,Cash,3.5,1767.26,2025-01
ORD2420,2024-10-21,East,Toys,Gizmo Z,8.0,154.72,50.0,Debit Card,4.7,1237.76,2024-10
ORD2013,2025-04-11,West,Electronics,Gizmo Z,9.0,424.6474999999999,41.0,Net Banking,2.6,3821.83,2025-04
ORD2910,2025-04-07,West,Toys,Widget A,11.0,314.07,63.0,Debit Card,4.8,3454.77,2025-04
ORD1466,2024-05-05,Central,Clothing,Gadget Y,10.0,137.91,19.0,Debit Card,2.2,1379.1,2024-05
ORD2649,2025-02-22,West,Home & Kitchen,Gadget X,9.0,253.04,61.0,Credit Card,3.0,2277.36,2025-02
ORD2321,2024-04-26,East,Home & Kitchen,Gadget X,3.0,177.12,40.0,Debit Card,3.3,531.36,2024-04
ORD1277,2024-09-02,Central,Electronics,Widget B,5.0,179.6,42.0,Cash,3.8,898.0,2024-09
ORD2069,2025-05-12,North,Toys,Device Q,4.0,176.175,35.0,Net Banking,3.3,704.7,2025-05
ORD2017,2024-12-30,West,Electronics,Item N,12.0,124.71,60.0,Debit Card,3.0,1496.52,2024-12
ORD2561,2025-02-20,North,Clothing,Device Q,11.0,253.39,24.0,Cash,3.3,2787.29,2025-02
ORD1722,2024-06-21,East,Electronics,Widget B,3.0,300.6,60.0,Net Banking,1.3,901.8,2024-06
ORD1786,2024-10-15,East,Electronics,Gadget X,13.0,298.41,21.0,Debit Card,3.8,3879.33,2024-10
ORD2565,2024-04-11,North,Toys,Widget A,3.0,195.43,36.0,Upi,4.7,586.29,2024-04
ORD2324,2025-01-29,East,Toys,Gizmo Z,6.0,127.7,40.0,Debit Card,4.3,766.2,2025-01
ORD2385,2024-01-12,East,Home & Kitchen,Widget B,8.0,91.65,55.0,Net Banking,3.9,733.2,2024-01
ORD2318,2024-08-23,Central,Clothing,Item N,8.0,86.94,32.0,Net Banking,3.0,695.52,2024-08
ORD1906,2025-01-14,East,Sports,Gadget Y,13.0,229.6,43.0,Credit Card,3.3,2984.8,2025-01
ORD1563,2024-12-13,North,Sports,Widget B,12.0,335.22,35.0,Cash,3.1,4022.64,2024-12
ORD1388,2025-04-01,East,Sports,Widget A,4.0,177.67,49.0,Net Banking,1.5,710.68,2025-04
ORD1022,2024-06-09,South,Home & Kitchen,Gizmo Z,6.0,259.29,35.0,Debit Card,2.2,1555.74,2024-06
ORD2929,2025-02-05,East,Toys,Gizmo Z,13.0,177.64,33.0,Debit Card,3.6,2309.32,2025-02
ORD1124,2024-12-13,Central,Clothing,Gizmo Z,6.0,137.19,57.0,Credit Card,1.3,823.14,2024-12
ORD2261,2024-08-14,North,Toys,Gadget X,12.0,204.51,65.0,Credit Card,3.8,2454.12,2024-08
ORD1773,2024-01-23,East,Sports,Gadget Y,1.0,269.93,25.0,Credit Card,2.4,269.93,2024-01
ORD1880,2024-11-22,South,Books,Gadget Y,4.0,424.6474999999999,20.0,Net Banking,2.5,1698.59,2024-11
ORD2144,2024-11-25,West,Toys,Gadget Y,6.0,354.37,19.0,Cash,4.8,2126.22,2024-11
ORD2166,2024-12-22,West,Clothing,Widget A,9.0,135.12,23.0,Upi,2.5,1216.08,2024-12
ORD1050,2024-02-04,Central,Toys,Accessory M,3.0,250.84,27.0,Cash,1.2,752.52,2024-02
ORD2412,2025-06-15,East,Clothing,Widget A,4.0,258.25,43.0,Cash,3.2,1033.0,2025-06
ORD2679,2024-05-28,East,Home & Kitchen,Widget A,5.0,34.04,54.0,Debit Card,3.2,170.2,2024-05
ORD2105,2024-02-08,East,Books,Device Q,14.0,207.02,54.0,Credit Card,4.3,2898.28,2024-02
ORD1703,2024-12-15,North,Clothing,Accessory M,5.0,220.6,43.0,Upi,2.8,1103.0,2024-12
ORD1482,2025-02-12,West,Toys,Item N,10.0,166.17,44.0,Net Banking,1.7,1661.7,2025-02
ORD2145,2024-04-16,East,Sports,Accessory M,8.0,165.09,49.0,Debit Card,3.8,1320.72,2024-04
ORD2935,2024-10-14,North,Electronics,Gadget X,12.0,153.33,35.0,Upi,1.8,1839.96,2024-10
ORD1066,2024-10-22,East,Clothing,Accessory M,8.0,210.99,26.0,Net Banking,3.0,1687.92,2024-10
ORD2742,2024-01-12,Central,Books,Gadget X,9.0,253.5,49.0,Upi,2.9,2281.5,2024-01
ORD1733,2024-11-15,Central,Toys,Widget B,12.0,240.59,49.0,Credit Card,2.4,2887.08,2024-11
ORD2807,2024-03-20,East,Home & Kitchen,Accessory M,11.0,172.21,26.0,Cash,2.6,1894.31,2024-03
ORD1801,2024-08-15,North,Books,Gadget Y,2.0,193.42,42.0,Cash,3.4,386.84,2024-08
ORD2566,2024-09-23,Central,Books,Gadget X,14.0,186.655,24.0,Debit Card,2.0,2613.17,2024-09
ORD2994,2025-02-08,South,Sports,Gizmo Z,13.0,177.71,44.0,Cash,1.3,2310.23,2025-02
ORD1907,2024-03-27,South,Toys,Item N,11.0,235.37,39.0,Debit Card,2.9,2589.07,2024-03
ORD1031,2024-07-08,North,Sports,Widget B,8.0,251.85,37.0,Cash,3.6,2014.8,2024-07
ORD1417,2024-01-25,West,Clothing,Device Q,4.0,85.55,34.0,Debit Card,3.1,342.2,2024-01
ORD1881,2024-05-20,South,Toys,Gadget X,7.0,138.39,43.0,Debit Card,3.3,968.73,2024-05
ORD1632,2024-09-05,West,Electronics,Gizmo Z,8.0,50.04,20.0,Cash,3.7,400.32,2024-09
ORD2581,2024-11-21,East,Sports,Item N,8.0,421.34,32.0,Credit Card,1.7,3370.72,2024-11
ORD2455,2024-10-29,South,Toys,Accessory M,7.0,424.6474999999999,43.0,Net Banking,1.2,2972.53,2024-10
ORD1064,2025-04-06,West,Clothing,Item N,10.0,106.57,56.0,Net Banking,4.8,1065.7,2025-04
ORD2642,2024-05-25,West,Sports,Gadget X,1.0,210.15,31.0,Debit Card,4.0,210.15,2024-05
ORD2627,2024-10-03,North,Books,Gizmo Z,9.0,186.655,59.0,Net Banking,3.6,1679.9,2024-10
ORD1077,2025-06-04,North,Books,Widget A,12.0,148.33,49.0,Credit Card,4.4,1779.96,2025-06
ORD1491,2024-08-16,Central,Electronics,Widget A,14.0,158.37,61.0,Debit Card,5.0,2217.18,2024-08
ORD2426,2025-06-13,Central,Home & Kitchen,Widget B,12.0,405.59,59.0,Debit Card,2.0,4867.08,2025-06
ORD2544,2024-11-19,West,Clothing,Gizmo Z,1.0,328.74,61.0,Upi,2.3,328.74,2024-11
ORD1532,2025-01-08,Central,Electronics,Widget B,7.0,126.74,24.0,Debit Card,4.8,887.18,2025-01
ORD1065,2024-09-08,East,Sports,Device Q,12.0,100.66,56.0,Credit Card,3.2,1207.92,2024-09
ORD2857,2025-01-27,West,Electronics,Item N,6.0,424.6474999999999,52.0,Credit Card,2.7,2547.88,2025-01
ORD1296,2024-05-04,Central,Clothing,Accessory M,9.0,201.05,48.0,Cash,3.0,1809.45,2024-05
ORD1591,2025-04-25,Central,Books,Gadget X,2.0,132.32,20.0,Debit Card,2.8,264.64,2025-04
ORD1767,2024-03-29,North,Clothing,Widget B,11.0,110.86,22.0,Debit Card,3.4,1219.46,2024-03
ORD1724,2024-11-21,South,Books,Widget A,9.0,169.83,43.0,Net Banking,3.7,1528.47,2024-11
ORD2441,2025-05-18,East,Sports,Gizmo Z,2.0,169.88,43.0,Debit Card,4.5,339.76,2025-05
ORD1626,2024-08-20,North,Home & Kitchen,Gizmo Z,8.0,292.02,52.0,Cash,5.0,2336.16,2024-08
ORD2686,2024-05-09,Central,Clothing,Device Q,7.0,290.74,48.0,Credit Card,1.1,2035.18,2024-05
ORD2971,2024-01-19,South,Electronics,Item N,13.0,336.98,43.0,Net Banking,1.0,4380.74,2024-01
ORD2212,2024-01-07,Central,Electronics,Widget B,13.0,308.95,18.0,Credit Card,1.6,4016.35,2024-01
ORD2632,2025-01-12,Central,Electronics,Gadget Y,12.0,190.15,56.0,Credit Card,4.0,2281.8,2025-01
ORD1251,2024-02-15,North,Electronics,Accessory M,5.0,27.34,43.0,Credit Card,3.5,136.7,2024-02
ORD2843,2025-05-11,South,Home & Kitchen,Widget B,10.0,137.75,30.0,Upi,4.1,1377.5,2025-05
ORD2329,2024-12-03,South,Clothing,Gizmo Z,14.0,224.42,48.0,Cash,4.2,3141.88,2024-12
ORD2927,2025-06-05,East,Home & Kitchen,Gizmo Z,12.0,215.09,68.0,Cash,2.9,2581.08,2025-06
ORD1982,2024-01-17,North,Toys,Gadget X,1.0,125.95,32.0,Net Banking,3.0,125.95,2024-01
ORD2795,2024-09-09,South,Clothing,Widget B,6.0,92.1,38.0,Net Banking,3.2,552.6,2024-09
ORD1706,2025-06-26,Central,Books,Item N,10.0,151.21,49.0,Net Banking,1.4,1512.1,2025-06
ORD1487,2024-05-28,Central,Toys,Widget A,9.0,62.03,23.0,Credit Card,3.0,558.27,2024-05
ORD1273,2025-05-04,North,Electronics,Gadget Y,11.0,308.66,47.0,Credit Card,1.5,3395.26,2025-05
ORD2522,2024-11-06,Central,Toys,Widget A,10.0,344.1,19.0,Upi,1.3,3441.0,2024-11
ORD2690,2025-04-15,Central,Clothing,Device Q,14.0,128.01,38.0,Debit Card,4.7,1792.14,2025-04
ORD1963,2025-06-04,South,Electronics,Gadget Y,13.0,331.98,35.0,Upi,3.3,4315.74,2025-06
ORD1877,2025-04-20,South,Clothing,Gadget Y,11.0,350.71,60.0,Debit Card,2.9,3857.81,2025-04
ORD2524,2024-08-05,North,Home & Kitchen,Widget B,10.0,309.39,21.0,Net Banking,1.1,3093.9,2024-08
ORD2836,2024-08-29,Central,Sports,Gadget Y,8.0,92.66,59.0,Net Banking,4.7,741.28,2024-08
ORD1411,2025-05-20,East,Toys,Gadget X,3.0,118.54,33.0,Debit Card,4.9,355.62,2025-05
ORD1667,2024-02-08,Central,Toys,Gizmo Z,13.0,212.91,54.0,Upi,4.1,2767.83,2024-02
ORD2262,2025-01-15,East,Books,Accessory M,11.0,182.41,68.0,Debit Card,5.0,2006.51,2025-01
ORD1149,2024-04-22,South,Electronics,Widget B,3.0,43.63,53.0,Upi,2.9,130.89,2024-04
ORD1644,2024-01-08,West,Electronics,Accessory M,8.0,265.04,30.0,Upi,3.0,2120.32,2024-01
ORD2625,2024-05-20,West,Sports,Gizmo Z,10.0,174.63,62.0,Cash,4.5,1746.3,2024-05
ORD1218,2024-06-09,West,Electronics,Accessory M,9.0,196.37,53.0,Credit Card,2.4,1767.33,2024-06
ORD1239,2024-10-10,East,Toys,Device Q,3.0,286.1,48.0,Debit Card,4.3,858.3,2024-10
ORD2131,2025-01-14,West,Toys,Widget A,1.0,270.17,60.0,Debit Card,3.0,270.17,2025-01
ORD2216,2025-03-01,South,Sports,Gadget X,12.0,226.48,47.0,Cash,4.5,2717.76,2025-03
ORD1792,2024-04-06,East,Toys,Widget A,1.0,424.6474999999999,30.0,Net Banking,4.8,424.65,2024-04
ORD1191,2024-01-02,South,Sports,Widget B,6.0,424.6474999999999,45.0,Cash,3.4,2547.88,2024-01
ORD1333,2024-03-26,North,Clothing,Gizmo Z,4.0,125.58,46.0,Debit Card,2.5,502.32,2024-03
ORD2336,2024-04-11,Central,Books,Item N,13.0,180.45,25.0,Cash,3.1,2345.85,2024-04
ORD2831,2025-04-15,Central,Clothing,Widget B,9.0,170.04,56.0,Upi,4.6,1530.36,2025-04
ORD1962,2025-06-09,West,Sports,Accessory M,5.0,77.43,43.0,Cash,3.0,387.15,2025-06
ORD2454,2024-10-27,South,Toys,Gadget X,10.0,196.07,22.0,Credit Card,1.5,1960.7,2024-10
ORD2975,2024-04-17,East,Electronics,Gizmo Z,11.0,136.69,19.0,Net Banking,3.5,1503.59,2024-04
ORD2900,2024-12-17,North,Books,Item N,5.0,247.15,32.0,Credit Card,3.9,1235.75,2024-12
ORD2637,2024-02-19,West,Books,Widget B,7.0,140.11,67.0,Debit Card,3.3,980.77,2024-02
ORD1582,2025-02-25,South,Books,Widget A,14.0,195.27,41.0,Debit Card,2.5,2733.78,2025-02
ORD2933,2025-02-17,East,Clothing,Widget A,13.0,222.6,50.0,Credit Card,1.1,2893.8,2025-02
ORD2450,2024-09-17,South,Toys,Gizmo Z,8.0,147.01,29.0,Net Banking,1.6,1176.08,2024-09
ORD1839,2025-02-08,South,Books,Widget A,1.0,187.03,35.0,Debit Card,2.5,187.03,2025-02
ORD1627,2025-06-07,North,Books,Gadget X,5.0,150.39,42.0,Credit Card,3.0,751.95,2025-06
ORD1323,2024-04-27,Central,Sports,Gizmo Z,8.0,206.66,34.0,Cash,4.5,1653.28,2024-04
ORD2663,2024-10-28,North,Sports,Gizmo Z,14.0,306.67,47.0,Cash,4.9,4293.38,2024-10
ORD2160,2024-08-03,East,Clothing,Device Q,4.0,302.17,43.0,Cash,3.0,1208.68,2024-08
ORD1778,2024-04-13,West,Electronics,Accessory M,8.0,138.36,38.0,Credit Card,4.1,1106.88,2024-04
ORD2076,2024-09-29,North,Clothing,Accessory M,11.0,380.16,20.0,Net Banking,3.4,4181.76,2024-09
ORD1939,2025-01-15,North,Electronics,Item N,12.0,246.38,26.0,Upi,4.1,2956.56,2025-01
ORD1437,2025-06-02,Central,Books,Item N,5.0,246.29,30.0,Net Banking,3.7,1231.45,2025-06
ORD1119,2024-03-26,East,Clothing,Item N,10.0,135.0,69.0,Upi,3.1,1350.0,2024-03
ORD2374,2024-01-07,East,Toys,Gizmo Z,11.0,254.72,67.0,Upi,4.0,2801.92,2024-01
ORD2582,2025-05-12,Central,Electronics,Gadget Y,13.0,134.49,25.0,Upi,2.0,1748.37,2025-05
ORD2026,2024-08-04,North,Sports,Widget A,7.0,230.5,25.0,Debit Card,1.1,1613.5,2024-08
ORD2253,2025-02-04,Central,Home & Kitchen,Gadget X,9.0,284.94,23.0,Upi,3.2,2564.46,2025-02
ORD2628,2024-08-07,East,Toys,Gadget X,7.0,202.01,41.0,Credit Card,3.1,1414.07,2024-08
ORD1076,2024-03-05,East,Home & Kitchen,Widget A,13.0,198.18,25.0,Credit Card,1.1,2576.34,2024-03
ORD2053,2025-06-20,South,Toys,Gadget Y,5.0,146.36,23.0,Credit Card,2.2,731.8,2025-06
ORD1900,2024-04-23,East,Sports,Gizmo Z,11.0,327.55,50.0,Credit Card,4.1,3603.05,2024-04
ORD1371,2024-01-12,East,Home & Kitchen,Device Q,2.0,240.22,36.0,Cash,3.1,480.44,2024-01
ORD2887,2024-08-19,Central,Home & Kitchen,Widget B,3.0,424.6474999999999,21.0,Debit Card,1.8,1273.94,2024-08
ORD2457,2025-01-29,West,Home & Kitchen,Device Q,14.0,125.26,65.0,Credit Card,3.9,1753.64,2025-01
ORD2282,2024-03-24,North,Home & Kitchen,Widget A,5.0,230.37,59.0,Credit Card,4.3,1151.85,2024-03
ORD1941,2024-03-22,West,Sports,Device Q,11.0,207.25,43.0,Debit Card,1.9,2279.75,2024-03
ORD1819,2024-12-11,West,Clothing,Accessory M,2.0,131.29,68.0,Debit Card,3.9,262.58,2024-12
ORD2484,2024-07-16,West,Home & Kitchen,Gadget X,4.0,199.84,60.0,Net Banking,3.3,799.36,2024-07
ORD2506,2024-10-20,East,Electronics,Widget B,5.0,364.43,67.0,Net Banking,3.4,1822.15,2024-10
ORD2754,2025-02-02,South,Books,Accessory M,2.0,228.44,48.0,Debit Card,2.6,456.88,2025-02
ORD2395,2024-10-14,East,Clothing,Accessory M,6.0,124.53,37.0,Cash,4.3,747.18,2024-10
ORD1886,2024-10-11,North,Home & Kitchen,Gadget Y,8.0,267.81,65.0,Debit Card,2.9,2142.48,2024-10
ORD1968,2024-10-04,West,Books,Gadget Y,3.0,319.22,27.0,Cash,1.9,957.66,2024-10
ORD2616,2025-03-20,South,Books,Device Q,1.0,184.15,29.0,Debit Card,4.7,184.15,2025-03
ORD1785,2024-01-15,East,Sports,Item N,8.0,160.58,24.0,Debit Card,4.9,1284.64,2024-01
ORD2734,2025-02-22,North,Electronics,Accessory M,5.0,251.82,54.0,Cash,2.1,1259.1,2025-02
ORD2702,2024-01-12,West,Sports,Accessory M,1.0,338.94,36.0,Net Banking,2.7,338.94,2024-01
ORD2752,2025-06-09,Central,Sports,Widget A,6.0,308.29,68.0,Credit Card,1.2,1849.74,2025-06
ORD1301,2024-02-23,North,Toys,Item N,5.0,215.46,44.0,Credit Card,3.0,1077.3,2024-02
ORD1689,2025-02-28,North,Toys,Widget A,7.0,62.83,49.0,Net Banking,3.3,439.81,2025-02
ORD1812,2024-10-18,North,Books,Accessory M,9.0,244.32,58.0,Cash,3.3,2198.88,2024-10
ORD2061,2024-01-16,East,Home & Kitchen,Gizmo Z,10.0,101.12,44.0,Cash,2.6,1011.2,2024-01
ORD1236,2024-01-27,East,Toys,Widget A,8.0,136.47,58.0,Credit Card,4.3,1091.76,2024-01
ORD2115,2024-12-24,Central,Sports,Widget A,11.0,75.73,40.0,Net Banking,4.1,833.03,2024-12
ORD2475,2024-09-07,West,Home & Kitchen,Widget B,6.0,92.32,36.0,Debit Card,2.2,553.92,2024-09
ORD1499,2025-06-09,West,Toys,Gadget Y,4.0,152.15,48.0,Debit Card,4.4,608.6,2025-06
ORD2677,2025-06-22,North,Sports,Gadget Y,1.0,96.13,47.0,Cash,2.7,96.13,2025-06
ORD2079,2024-05-31,Central,Toys,Widget A,1.0,122.55,43.0,Upi,1.2,122.55,2024-05
ORD2326,2024-03-12,North,Books,Gadget X,10.0,127.74,35.0,Credit Card,1.0,1277.4,2024-03
ORD1794,2024-10-15,South,Books,Device Q,8.0,186.69,24.0,Cash,3.8,1493.52,2024-10
ORD2948,2024-12-25,Central,Sports,Device Q,14.0,310.37,27.0,Debit Card,3.5,4345.18,2024-12
ORD2549,2025-03-29,East,Home & Kitchen,Gizmo Z,3.0,136.73,50.0,Net Banking,1.5,410.19,2025-03
ORD2956,2025-04-10,North,Books,Gadget Y,4.0,79.34,66.0,Cash,1.1,317.36,2025-04
ORD1990,2025-03-30,North,Books,Accessory M,14.0,183.04,49.0,Credit Card,2.6,2562.56,2025-03
ORD2386,2024-03-27,North,Electronics,Device Q,9.0,162.07,49.0,Net Banking,3.0,1458.63,2024-03
ORD1934,2024-01-07,West,Toys,Gadget Y,1.0,255.65,29.0,Debit Card,2.4,255.65,2024-01
ORD1387,2025-01-28,East,Sports,Widget B,13.0,219.77,62.0,Cash,2.7,2857.01,2025-01
ORD2485,2025-04-29,West,Home & Kitchen,Gadget X,5.0,63.01,51.0,Upi,4.7,315.05,2025-04
ORD1390,2024-04-08,North,Toys,Widget B,21.5,136.83,18.0,Debit Card,2.8,2941.84,2024-04
ORD1743,2024-11-14,East,Sports,Accessory M,3.0,185.97,21.0,Debit Card,1.1,557.91,2024-11
ORD1352,2024-08-10,South,Sports,Item N,2.0,311.03,56.0,Debit Card,2.1,622.06,2024-08
ORD2217,2025-01-28,West,Toys,Gadget X,12.0,176.175,49.0,Net Banking,1.8,2114.1,2025-01
ORD1235,2024-10-09,North,Clothing,Widget A,11.0,41.06,44.0,Cash,5.0,451.66,2024-10
ORD2982,2024-12-27,West,Toys,Gadget X,6.0,215.93,40.0,Debit Card,3.2,1295.58,2024-12
ORD1480,2025-05-22,East,Electronics,Widget B,8.0,150.6,46.0,Credit Card,2.7,1204.8,2025-05
ORD1567,2024-09-06,East,Sports,Device Q,5.0,155.68,31.0,Credit Card,3.1,778.4,2024-09
ORD2140,2024-11-05,East,Sports,Gizmo Z,2.0,190.62,34.0,Upi,2.6,381.24,2024-11
ORD2703,2025-02-03,East,Home & Kitchen,Widget B,12.0,222.54,51.0,Cash,1.1,2670.48,2025-02
ORD2888,2024-12-31,West,Clothing,Widget A,12.0,204.76,19.0,Net Banking,3.2,2457.12,2024-12
ORD2732,2024-11-06,Central,Toys,Widget B,9.0,164.69,43.0,Debit Card,3.6,1482.21,2024-11
ORD1120,2024-01-28,North,Electronics,Gadget X,7.0,192.26,43.0,Upi,4.7,1345.82,2024-01
ORD2388,2025-06-20,North,Sports,Gizmo Z,10.0,109.09,43.0,Upi,2.9,1090.9,2025-06
ORD2749,2024-05-13,Central,Sports,Item N,10.0,293.15,60.0,Credit Card,2.3,2931.5,2024-05
ORD2024,2024-10-22,South,Electronics,Gadget Y,12.0,267.6,27.0,Upi,4.6,3211.2,2024-10
ORD2086,2024-02-08,East,Electronics,Device Q,10.0,206.47,42.0,Net Banking,3.1,2064.7,2024-02
ORD2272,2024-10-11,East,Sports,Gadget X,9.0,256.62,27.0,Upi,4.5,2309.58,2024-10
ORD1926,2024-10-14,North,Clothing,Accessory M,13.0,177.92,62.0,Debit Card,4.7,2312.96,2024-10
ORD1515,2024-11-11,East,Books,Widget A,3.0,183.31,57.0,Debit Card,2.7,549.93,2024-11
ORD1223,2024-05-14,West,Home & Kitchen,Gadget Y,1.0,374.84,63.0,Upi,1.9,374.84,2024-05
ORD2493,2024-08-03,East,Books,Gadget Y,8.0,94.91,42.0,Debit Card,2.8,759.28,2024-08
ORD1843,2024-01-01,South,Sports,Widget B,13.0,53.85,28.0,Debit Card,3.2,700.05,2024-01
ORD2245,2024-10-04,West,Electronics,Gizmo Z,6.0,99.43,39.0,Upi,4.9,596.58,2024-10
ORD1052,2024-03-21,South,Sports,Gadget X,10.0,186.03,29.0,Net Banking,4.2,1860.3,2024-03
ORD2867,2024-07-18,South,Clothing,Gadget Y,13.0,267.08,68.0,Credit Card,3.1,3472.04,2024-07
ORD1485,2024-02-27,North,Electronics,Device Q,6.0,106.63,52.0,Net Banking,2.4,639.78,2024-02
ORD2939,2025-06-27,East,Electronics,Gizmo Z,3.0,182.375,20.0,Net Banking,2.3,547.12,2025-06
ORD1818,2024-01-23,North,Clothing,Widget B,8.0,190.3,48.0,Credit Card,3.0,1522.4,2024-01
ORD1155,2025-01-19,West,Books,Gizmo Z,1.0,157.03,48.0,Net Banking,4.0,157.03,2025-01
ORD2366,2025-01-04,North,Sports,Widget B,12.0,118.92,67.0,Net Banking,4.1,1427.04,2025-01
ORD1600,2024-11-25,West,Toys,Gadget X,6.0,144.27,50.0,Upi,4.6,865.62,2024-11
ORD2623,2025-01-10,Central,Clothing,Gadget X,5.0,138.71,60.0,Cash,3.0,693.55,2025-01
ORD1248,2024-08-07,West,Books,Item N,14.0,129.55,69.0,Credit Card,4.1,1813.7,2024-08
ORD1761,2024-01-05,North,Books,Device Q,6.0,280.14,28.0,Debit Card,4.6,1680.84,2024-01
ORD2851,2024-01-21,East,Sports,Gadget Y,4.0,208.13,49.0,Upi,2.2,832.52,2024-01
ORD2130,2024-03-01,East,Electronics,Accessory M,5.0,93.11,43.0,Net Banking,4.4,465.55,2024-03
ORD1542,2024-04-14,North,Home & Kitchen,Item N,13.0,196.78,49.0,Credit Card,1.0,2558.14,2024-04
ORD1793,2025-02-14,East,Home & Kitchen,Device Q,14.0,201.6,65.0,Cash,1.5,2822.4,2025-02
ORD2141,2024-08-30,South,Electronics,Device Q,5.0,148.39,40.0,Upi,1.1,741.95,2024-08
ORD2471,2024-10-31,South,Home & Kitchen,Accessory M,5.0,327.79,56.0,Debit Card,3.2,1638.95,2024-10
ORD1628,2024-12-11,West,Toys,Widget B,8.0,215.46,26.0,Upi,4.0,1723.68,2024-12
ORD1150,2024-03-21,East,Toys,Gadget X,10.0,146.02,44.0,Upi,4.5,1460.2,2024-03
ORD2740,2024-08-31,South,Clothing,Gadget X,9.0,188.4,20.0,Upi,3.0,1695.6,2024-08
ORD1291,2024-05-22,West,Books,Item N,2.0,105.97,37.0,Cash,3.5,211.94,2024-05
ORD1381,2025-05-07,North,Books,Widget B,7.0,198.47,65.0,Debit Card,4.6,1389.29,2025-05
ORD1686,2025-04-14,West,Electronics,Item N,12.0,285.0,52.0,Net Banking,1.6,3420.0,2025-04
ORD2367,2024-09-20,North,Electronics,Item N,6.0,189.7,50.0,Upi,1.3,1138.2,2024-09
ORD2224,2024-10-21,West,Toys,Gadget Y,2.0,124.48,40.0,Credit Card,4.8,248.96,2024-10
ORD1897,2024-07-12,North,Clothing,Widget A,13.0,189.66,63.0,Debit Card,4.0,2465.58,2024-07
ORD1854,2024-03-15,North,Home & Kitchen,Accessory M,10.0,111.22,43.0,Net Banking,4.6,1112.2,2024-03
ORD2071,2024-08-10,South,Clothing,Gadget X,14.0,83.77,67.0,Credit Card,1.3,1172.78,2024-08
ORD2972,2024-01-23,West,Sports,Widget B,12.0,202.62,67.0,Debit Card,3.8,2431.44,2024-01
ORD2709,2024-04-13,West,Clothing,Item N,2.0,424.6474999999999,45.0,Upi,3.8,849.29,2024-04
ORD1891,2024-05-23,South,Clothing,Widget B,4.0,144.27,35.0,Upi,2.0,577.08,2024-05
ORD2778,2024-01-12,East,Electronics,Widget A,4.0,143.54,31.0,Cash,1.8,574.16,2024-01
ORD2364,2024-08-10,West,Toys,Device Q,10.0,234.32,18.0,Net Banking,2.6,2343.2,2024-08
ORD1615,2024-07-13,South,Toys,Gadget Y,21.5,115.38,50.0,Net Banking,3.0,2480.67,2024-07
ORD1154,2024-08-12,South,Electronics,Accessory M,7.0,218.15,39.0,Upi,4.7,1527.05,2024-08
ORD2193,2024-12-14,South,Books,Gadget X,12.0,117.6,53.0,Cash,4.2,1411.2,2024-12
ORD2837,2025-05-07,South,Toys,Widget B,11.0,198.64,19.0,Credit Card,3.5,2185.04,2025-05
ORD2803,2024-06-04,West,Books,Gadget Y,3.0,254.44,52.0,Upi,1.8,763.32,2024-06
ORD1322,2024-04-05,North,Home & Kitchen,Device Q,5.0,112.13,52.0,Cash,2.6,560.65,2024-04
ORD2567,2024-01-03,East,Clothing,Item N,7.0,106.12,53.0,Debit Card,2.7,742.84,2024-01
ORD1082,2024-05-18,Central,Toys,Widget B,11.0,61.29,46.0,Net Banking,3.6,674.19,2024-05
ORD1512,2024-05-01,North,Home & Kitchen,Gadget X,4.0,169.0,54.0,Debit Card,1.5,676.0,2024-05
ORD2545,2025-01-15,West,Electronics,Gadget X,1.0,227.08,67.0,Credit Card,1.9,227.08,2025-01
ORD2502,2025-05-09,South,Books,Item N,3.0,77.52,28.0,Net Banking,1.1,232.56,2025-05
ORD1929,2025-03-27,Central,Toys,Item N,7.0,144.89,56.0,Credit Card,4.0,1014.23,2025-03
ORD2653,2024-03-17,North,Home & Kitchen,Widget B,14.0,109.53,64.0,Net Banking,2.5,1533.42,2024-03
ORD2357,2024-04-15,Central,Clothing,Gizmo Z,7.0,152.33,36.0,Upi,4.4,1066.31,2024-04
ORD1010,2025-04-03,Central,Clothing,Accessory M,2.0,326.6,46.0,Net Banking,5.0,653.2,2025-04
ORD1831,2024-04-15,South,Clothing,Item N,6.0,266.88,26.0,Net Banking,3.0,1601.28,2024-04
ORD1032,2024-08-31,Central,Sports,Widget A,2.0,317.66,23.0,Credit Card,2.5,635.32,2024-08
ORD2532,2024-01-01,Central,Books,Device Q,2.0,47.81,45.0,Debit Card,3.0,95.62,2024-01
ORD1413,2024-05-23,East,Toys,Gadget Y,5.0,341.9,34.0,Cash,1.3,1709.5,2024-05
ORD1580,2025-03-10,Central,Home & Kitchen,Item N,4.0,192.905,44.0,Net Banking,4.1,771.62,2025-03
ORD2406,2024-06-07,East,Clothing,Gadget X,12.0,82.37,44.0,Debit Card,3.2,988.44,2024-06
ORD2705,2025-06-25,South,Toys,Item N,13.0,181.61,40.0,Cash,1.5,2360.93,2025-06
ORD2508,2025-01-18,North,Electronics,Gadget Y,10.0,321.05,37.0,Net Banking,3.3,3210.5,2025-01
ORD2930,2024-07-01,East,Books,Widget A,10.0,157.78,28.0,Credit Card,5.0,1577.8,2024-07
ORD1614,2024-10-07,East,Sports,Item N,12.0,110.65,40.0,Debit Card,5.0,1327.8,2024-10
ORD2045,2024-01-12,North,Books,Item N,10.0,388.85,20.0,Cash,1.6,3888.5,2024-01
ORD2402,2024-04-02,West,Sports,Widget A,10.0,188.5,58.0,Net Banking,1.5,1885.0,2024-04
ORD2014,2024-08-31,South,Clothing,Widget B,4.0,107.03,35.0,Upi,1.7,428.12,2024-08
ORD1089,2024-08-18,Central,Sports,Item N,7.0,279.52,20.0,Credit Card,2.6,1956.64,2024-08
ORD2916,2024-07-08,South,Electronics,Device Q,11.0,258.84,59.0,Cash,4.7,2847.24,2024-07
ORD1601,2025-05-22,East,Clothing,Gadget Y,14.0,101.6,32.0,Debit Card,4.3,1422.4,2025-05
ORD2237,2025-02-17,North,Sports,Gadget Y,11.0,177.85,18.0,Cash,3.6,1956.35,2025-02
ORD2862,2024-04-06,South,Sports,Gizmo Z,2.0,268.5,48.0,Upi,4.9,537.0,2024-04
ORD1133,2024-12-24,Central,Clothing,Widget A,9.0,65.77,21.0,Debit Card,2.3,591.93,2024-12
ORD2370,2024-11-13,West,Books,Widget A,12.0,295.3,54.0,Upi,2.9,3543.6,2024-11
ORD1555,2024-03-18,North,Home & Kitchen,Widget B,11.0,220.79,25.0,Credit Card,3.2,2428.69,2024-03
ORD2031,2024-05-10,North,Sports,Device Q,11.0,158.24,27.0,Upi,2.0,1740.64,2024-05
ORD2586,2025-02-10,East,Sports,Accessory M,14.0,419.6,56.0,Net Banking,3.4,5874.4,2025-02
ORD1320,2024-02-27,West,Toys,Gizmo Z,5.0,362.73,51.0,Debit Card,1.7,1813.65,2024-02
ORD2794,2025-01-16,East,Toys,Gizmo Z,13.0,132.35,69.0,Cash,4.9,1720.55,2025-01
ORD2211,2025-02-25,West,Books,Device Q,7.0,364.17,18.0,Debit Card,3.0,2549.19,2025-02
ORD2760,2025-06-20,Central,Clothing,Gadget Y,5.0,305.22,55.0,Upi,4.7,1526.1,2025-06
ORD1634,2024-04-30,West,Toys,Widget B,6.0,154.24,21.0,Upi,4.8,925.44,2024-04
ORD1552,2024-03-23,East,Home & Kitchen,Gadget X,3.0,332.27,52.0,Net Banking,1.1,996.81,2024-03
ORD2328,2024-11-15,East,Home & Kitchen,Accessory M,6.0,270.65,25.0,Cash,4.0,1623.9,2024-11
ORD2055,2024-03-29,West,Home & Kitchen,Gizmo Z,6.0,99.28,57.0,Upi,3.2,595.68,2024-03
ORD2936,2025-03-10,West,Toys,Device Q,10.0,135.24,52.0,Credit Card,4.3,1352.4,2025-03
ORD1796,2024-07-14,Central,Clothing,Device Q,1.0,182.87,23.0,Upi,4.8,182.87,2024-07
ORD2683,2024-02-27,Central,Books,Gizmo Z,13.0,107.47,42.0,Debit Card,2.6,1397.11,2024-02
ORD2733,2024-09-18,South,Sports,Widget B,2.0,96.63,68.0,Net Banking,4.8,193.26,2024-09
ORD1174,2024-11-21,North,Home & Kitchen,Widget B,2.0,189.81,48.0,Cash,3.1,379.62,2024-11
ORD1766,2024-02-11,South,Home & Kitchen,Gizmo Z,13.0,34.77,43.0,Net Banking,3.0,452.01,2024-02
ORD1245,2025-05-26,West,Clothing,Accessory M,14.0,116.67,55.0,Debit Card,2.0,1633.38,2025-05
ORD2080,2024-07-06,East,Toys,Accessory M,11.0,318.03,43.0,Credit Card,4.2,3498.33,2024-07
ORD2759,2024-09-22,North,Clothing,Gizmo Z,1.0,162.19,65.0,Debit Card,4.5,162.19,2024-09
ORD1145,2024-09-24,West,Home & Kitchen,Widget B,10.0,234.72,60.0,Net Banking,4.6,2347.2,2024-09
ORD1090,2024-02-10,North,Books,Accessory M,1.0,298.07,18.0,Net Banking,4.6,298.07,2024-02
ORD2416,2024-04-26,North,Home & Kitchen,Accessory M,2.0,206.59,43.0,Credit Card,1.9,413.18,2024-04
ORD1682,2024-05-25,East,Electronics,Gadget Y,5.0,123.17,64.0,Debit Card,4.5,615.85,2024-05
ORD1310,2024-09-25,West,Clothing,Gadget Y,14.0,162.17,43.0,Cash,1.6,2270.38,2024-09
ORD2383,2024-05-06,East,Sports,Gizmo Z,6.0,204.69,19.0,Upi,2.7,1228.14,2024-05
ORD1093,2024-07-19,East,Books,Gadget Y,1.0,215.21,64.0,Cash,4.8,215.21,2024-07
ORD2588,2024-04-26,South,Home & Kitchen,Widget A,12.0,161.46,35.0,Upi,2.0,1937.52,2024-04
ORD1924,2024-03-28,West,Clothing,Widget A,9.0,178.18,23.0,Credit Card,4.7,1603.62,2024-03
ORD2708,2024-12-13,East,Home & Kitchen,Item N,1.0,152.58,20.0,Credit Card,3.0,152.58,2024-12
ORD2035,2024-06-20,West,Electronics,Gizmo Z,6.0,180.35,20.0,Cash,4.3,1082.1,2024-06
ORD2400,2024-02-04,South,Books,Widget B,14.0,170.37,41.0,Upi,3.7,2385.18,2024-02
ORD1243,2024-07-10,West,Toys,Item N,2.0,62.11,62.0,Net Banking,5.0,124.22,2024-07
ORD2500,2024-08-10,East,Electronics,Gadget Y,1.0,209.06,50.0,Credit Card,4.4,209.06,2024-08
ORD2111,2025-03-15,South,Toys,Gadget Y,2.0,126.22,40.0,Debit Card,3.5,252.44,2025-03
ORD1214,2024-04-08,West,Electronics,Accessory M,3.0,182.375,64.0,Cash,1.7,547.12,2024-04
ORD1808,2024-11-19,North,Toys,Accessory M,5.0,313.01,32.0,Debit Card,2.2,1565.05,2024-11
ORD2197,2024-02-09,Central,Sports,Accessory M,13.0,301.33,33.0,Debit Card,1.3,3917.29,2024-02
ORD1998,2024-05-28,South,Home & Kitchen,Gizmo Z,1.0,319.55,67.0,Cash,2.5,319.55,2024-05
ORD1853,2025-06-20,North,Sports,Gadget Y,5.0,214.98,67.0,Debit Card,1.4,1074.9,2025-06
ORD1425,2024-07-04,West,Clothing,Gadget Y,13.0,283.15,65.0,Credit Card,4.8,3680.95,2024-07
ORD2913,2024-08-04,Central,Toys,Gizmo Z,6.0,113.4,68.0,Credit Card,2.3,680.4,2024-08
ORD2142,2025-05-07,South,Home & Kitchen,Gadget Y,3.0,165.15,62.0,Credit Card,1.2,495.45,2025-05
ORD2143,2024-12-31,West,Toys,Device Q,3.0,104.52,26.0,Net Banking,4.4,313.56,2024-12
ORD1226,2024-02-02,South,Home & Kitchen,Accessory M,10.0,188.37,33.0,Net Banking,2.9,1883.7,2024-02
ORD2648,2025-03-07,West,Clothing,Gizmo Z,2.0,220.31,35.0,Credit Card,4.9,440.62,2025-03
ORD1000,2024-04-12,North,Electronics,Device Q,5.0,398.99,19.0,Debit Card,4.9,1994.95,2024-04
ORD2418,2024-11-30,West,Clothing,Gizmo Z,10.0,261.47,52.0,Debit Card,4.9,2614.7,2024-11
ORD1401,2025-01-31,Central,Toys,Widget B,8.0,164.84,21.0,Credit Card,3.4,1318.72,2025-01
ORD2428,2025-06-03,West,Toys,Gadget X,6.0,113.7,23.0,Upi,3.6,682.2,2025-06
ORD2103,2024-09-30,North,Books,Accessory M,12.0,222.84,43.0,Debit Card,3.2,2674.08,2024-09
ORD1084,2025-01-26,South,Toys,Item N,2.0,166.93,23.0,Upi,2.3,333.86,2025-01
ORD1162,2024-07-21,East,Toys,Item N,12.0,103.41,49.0,Credit Card,4.8,1240.92,2024-07
ORD1114,2025-06-24,North,Electronics,Widget A,6.0,128.32,48.0,Cash,4.6,769.92,2025-06
ORD1670,2024-03-26,Central,Toys,Item N,4.0,173.83,40.0,Credit Card,2.2,695.32,2024-03
ORD2174,2025-04-07,South,Electronics,Widget B,7.0,135.07,57.0,Net Banking,1.3,945.49,2025-04
ORD2547,2025-05-08,East,Books,Accessory M,4.0,372.25,37.0,Net Banking,1.9,1489.0,2025-05
ORD2535,2024-02-22,South,Toys,Widget B,8.0,419.71,29.0,Debit Card,3.0,3357.68,2024-02
ORD2392,2024-05-26,Central,Electronics,Accessory M,6.0,170.57,28.0,Debit Card,1.4,1023.42,2024-05
ORD1889,2025-04-21,Central,Clothing,Gadget X,8.0,263.14,64.0,Credit Card,1.8,2105.12,2025-04
ORD2501,2024-07-02,West,Sports,Gizmo Z,11.0,185.07,40.0,Net Banking,2.8,2035.77,2024-07
ORD1625,2025-05-27,Central,Electronics,Gizmo Z,2.0,110.02,32.0,Debit Card,2.4,220.04,2025-05
ORD2550,2025-04-26,South,Electronics,Item N,4.0,248.65,32.0,Cash,4.7,994.6,2025-04
ORD2986,2025-05-29,North,Toys,Gizmo Z,12.0,169.55,19.0,Credit Card,4.0,2034.6,2025-05
ORD1952,2024-02-22,South,Home & Kitchen,Widget A,11.0,237.72,50.0,Net Banking,4.4,2614.92,2024-02
ORD1807,2024-02-16,East,Clothing,Item N,7.0,225.16,18.0,Credit Card,3.0,1576.12,2024-02
ORD1258,2025-05-11,East,Books,Accessory M,8.0,201.72,34.0,Cash,3.0,1613.76,2025-05
ORD1624,2025-02-08,West,Electronics,Gizmo Z,11.0,87.8,41.0,Cash,3.0,965.8,2025-02
ORD1826,2025-04-04,East,Electronics,Accessory M,3.0,150.73,35.0,Debit Card,4.1,452.19,2025-04
ORD1234,2025-03-13,East,Books,Device Q,1.0,201.88,43.0,Upi,3.9,201.88,2025-03
ORD1135,2025-02-14,North,Books,Item N,5.0,153.39,35.0,Credit Card,4.0,766.95,2025-02
ORD1616,2024-07-13,East,Home & Kitchen,Item N,12.0,96.48,50.0,Upi,1.8,1157.76,2024-07
ORD2952,2024-09-12,South,Books,Widget A,9.0,282.45,59.0,Net Banking,2.5,2542.05,2024-09
ORD2987,2025-03-24,North,Home & Kitchen,Device Q,2.0,115.57,68.0,Cash,4.0,231.14,2025-03
ORD1836,2024-10-22,East,Sports,Gadget Y,2.0,215.47,31.0,Upi,2.1,430.94,2024-10
ORD1842,2024-06-30,South,Clothing,Widget A,6.0,234.03,61.0,Net Banking,1.8,1404.18,2024-06
ORD1959,2024-05-07,South,Toys,Item N,10.0,211.53,23.0,Credit Card,4.4,2115.3,2024-05
ORD1592,2024-11-30,Central,Books,Widget B,1.0,170.1,66.0,Cash,2.8,170.1,2024-11
ORD2314,2024-06-01,East,Books,Widget A,4.0,66.64,63.0,Credit Card,3.5,266.56,2024-06
ORD2525,2025-03-02,North,Books,Gizmo Z,10.0,249.88,40.0,Debit Card,3.0,2498.8,2025-03
ORD2291,2025-03-28,North,Toys,Device Q,4.0,188.26,29.0,Credit Card,4.3,753.04,2025-03
ORD1343,2025-03-07,South,Toys,Gizmo Z,12.0,424.6474999999999,35.0,Debit Card,3.6,5095.77,2025-03
ORD2671,2024-03-13,East,Home & Kitchen,Device Q,13.0,160.0,37.0,Net Banking,4.0,2080.0,2024-03
ORD2596,2025-01-07,West,Books,Gizmo Z,5.0,167.82,19.0,Cash,2.3,839.1,2025-01
ORD1293,2024-12-19,West,Books,Widget B,10.0,167.94,40.0,Credit Card,3.2,1679.4,2024-12
ORD1364,2025-03-02,East,Toys,Widget A,4.0,112.6,42.0,Debit Card,3.5,450.4,2025-03
ORD1178,2024-12-11,South,Toys,Item N,2.0,110.05,42.0,Credit Card,4.1,220.1,2024-12
ORD1659,2024-12-28,East,Books,Gizmo Z,2.0,221.98,46.0,Cash,4.4,443.96,2024-12
ORD1996,2025-01-05,Central,Books,Gadget Y,10.0,220.83,24.0,Debit Card,3.6,2208.3,2025-01
ORD1014,2024-05-10,East,Clothing,Accessory M,10.0,256.47,40.0,Net Banking,4.5,2564.7,2024-05
ORD2110,2024-09-28,Central,Toys,Gadget X,4.0,151.76,46.0,Net Banking,3.0,607.04,2024-09
ORD2394,2024-11-04,Central,Home & Kitchen,Widget B,6.0,199.49,43.0,Upi,2.8,1196.94,2024-11
ORD1165,2025-02-04,East,Sports,Gizmo Z,11.0,190.62,42.0,Cash,3.0,2096.82,2025-02
ORD2905,2024-08-07,South,Home & Kitchen,Widget B,14.0,185.23,21.0,Net Banking,4.1,2593.22,2024-08
ORD2359,2024-10-31,West,Electronics,Device Q,11.0,227.39,30.0,Cash,4.5,2501.29,2024-10
ORD1059,2024-06-10,North,Books,Widget A,5.0,114.43,36.0,Cash,3.5,572.15,2024-06
ORD1709,2024-08-10,West,Clothing,Gadget X,3.0,253.94,43.0,Debit Card,3.8,761.82,2024-08
ORD1676,2024-07-30,South,Home & Kitchen,Item N,2.0,113.89,47.0,Credit Card,1.2,227.78,2024-07
ORD2378,2025-01-24,South,Sports,Gadget Y,5.0,340.99,59.0,Credit Card,3.0,1704.95,2025-01
ORD1780,2024-07-16,North,Home & Kitchen,Widget B,6.0,210.8,40.0,Net Banking,1.1,1264.8,2024-07
ORD1424,2024-02-11,North,Home & Kitchen,Accessory M,10.0,292.62,51.0,Cash,4.6,2926.2,2024-02
ORD1292,2024-04-01,North,Books,Widget B,9.0,117.56,26.0,Upi,4.3,1058.04,2024-04
ORD2065,2025-01-25,South,Sports,Gadget X,14.0,209.51,32.0,Net Banking,3.7,2933.14,2025-01
ORD2815,2024-05-03,South,Clothing,Gadget Y,6.0,101.8,25.0,Debit Card,3.6,610.8,2024-05
ORD1329,2024-09-03,South,Sports,Gadget Y,2.0,185.38,30.0,Credit Card,1.7,370.76,2024-09
ORD1429,2024-06-11,Central,Toys,Widget B,7.0,104.22,27.0,Upi,4.1,729.54,2024-06
ORD2012,2024-05-27,South,Home & Kitchen,Widget A,21.5,362.75,56.0,Cash,1.0,7799.12,2024-05
ORD1079,2024-05-08,Central,Electronics,Gadget X,11.0,187.61,38.0,Net Banking,2.4,2063.71,2024-05
ORD2052,2024-07-18,Central,Books,Gadget Y,12.0,352.74,49.0,Credit Card,2.3,4232.88,2024-07
ORD1937,2024-03-25,West,Sports,Gizmo Z,13.0,139.73,67.0,Debit Card,3.8,1816.49,2024-03
ORD1834,2024-01-29,East,Electronics,Gadget Y,12.0,64.52,62.0,Credit Card,3.0,774.24,2024-01
ORD1749,2024-11-29,South,Books,Widget A,10.0,172.41,65.0,Credit Card,4.5,1724.1,2024-11
ORD1890,2024-10-12,South,Electronics,Widget B,6.0,424.0,57.0,Upi,4.2,2544.0,2024-10
ORD1254,2024-04-08,West,Electronics,Gadget X,3.0,151.54,30.0,Credit Card,3.0,454.62,2024-04
ORD2757,2025-04-10,West,Sports,Gadget Y,10.0,148.09,35.0,Upi,5.0,1480.9,2025-04
ORD2998,2024-04-21,West,Sports,Device Q,10.0,276.35,63.0,Debit Card,3.1,2763.5,2024-04
ORD2407,2024-01-24,North,Clothing,Widget B,10.0,403.44,38.0,Upi,1.3,4034.4,2024-01
ORD2337,2025-02-28,Central,Home & Kitchen,Accessory M,11.0,198.95,21.0,Net Banking,1.3,2188.45,2025-02
ORD2108,2024-11-13,South,Electronics,Device Q,10.0,194.97,36.0,Cash,4.3,1949.7,2024-11
ORD1136,2024-11-13,Central,Clothing,Widget A,7.0,199.5,59.0,Upi,1.9,1396.5,2024-11
ORD2135,2024-12-09,West,Sports,Item N,12.0,167.13,62.0,Cash,1.8,2005.56,2024-12
ORD2218,2024-12-28,North,Toys,Device Q,3.0,210.55,50.0,Net Banking,1.7,631.65,2024-12
ORD1852,2024-08-31,North,Home & Kitchen,Accessory M,5.0,143.78,20.0,Net Banking,1.5,718.9,2024-08
ORD2202,2024-12-01,Central,Electronics,Device Q,9.0,351.35,21.0,Credit Card,4.7,3162.15,2024-12
ORD2911,2025-01-16,West,Sports,Widget A,12.0,234.13,32.0,Upi,3.3,2809.56,2025-01
ORD1723,2024-10-26,West,Sports,Gadget X,10.0,79.96,33.0,Debit Card,3.0,799.6,2024-10
ORD1859,2024-12-12,Central,Clothing,Gadget Y,13.0,188.4,43.0,Debit Card,3.2,2449.2,2024-12
ORD1969,2024-08-22,Central,Books,Gizmo Z,7.0,87.23,34.0,Upi,3.2,610.61,2024-08
ORD1496,2024-02-16,North,Electronics,Widget A,12.0,229.02,30.0,Cash,4.0,2748.24,2024-02
ORD1950,2024-09-12,North,Sports,Device Q,8.0,37.4,45.0,Debit Card,3.4,299.2,2024-09
ORD1805,2024-09-17,South,Sports,Widget A,3.0,65.02,20.0,Credit Card,3.1,195.06,2024-09
ORD1129,2025-01-19,West,Books,Widget A,2.0,296.66,32.0,Credit Card,2.6,593.32,2025-01
ORD1337,2024-02-16,East,Sports,Item N,10.0,196.94,43.0,Net Banking,3.6,1969.4,2024-02
ORD1608,2024-04-20,South,Clothing,Widget B,2.0,343.11,21.0,Cash,2.5,686.22,2024-04
ORD2148,2025-05-20,Central,Toys,Widget A,11.0,190.45,43.0,Upi,3.7,2094.95,2025-05
ORD1195,2024-02-06,Central,Books,Widget B,11.0,208.87,25.0,Cash,1.5,2297.57,2024-02
ORD2250,2024-07-10,West,Sports,Gadget Y,12.0,180.15,48.0,Debit Card,4.1,2161.8,2024-07
ORD2292,2025-01-21,West,Clothing,Accessory M,4.0,153.93,41.0,Net Banking,1.8,615.72,2025-01
ORD1909,2025-04-20,West,Clothing,Gizmo Z,1.0,246.37,52.0,Net Banking,3.0,246.37,2025-04
ORD1584,2024-04-07,North,Home & Kitchen,Gizmo Z,9.0,249.93,46.0,Debit Card,2.9,2249.37,2024-04
ORD1103,2025-02-01,West,Toys,Widget B,2.0,329.85,52.0,Cash,4.1,659.7,2025-02
ORD2617,2024-10-24,South,Sports,Gizmo Z,10.0,251.95,65.0,Net Banking,3.0,2519.5,2024-10
ORD2874,2024-04-10,North,Books,Gizmo Z,10.0,233.95,46.0,Credit Card,1.6,2339.5,2024-04
ORD2893,2025-01-25,Central,Electronics,Gadget X,14.0,182.375,25.0,Credit Card,1.2,2553.25,2025-01
ORD1719,2025-01-26,East,Home & Kitchen,Gizmo Z,14.0,207.65,35.0,Credit Card,3.1,2907.1,2025-01
ORD1884,2024-11-13,West,Clothing,Accessory M,14.0,287.54,53.0,Upi,5.0,4025.56,2024-11
ORD1776,2024-08-12,East,Sports,Widget B,12.0,144.07,44.0,Debit Card,4.6,1728.84,2024-08
ORD2569,2024-11-23,East,Electronics,Widget A,1.0,85.68,37.0,Net Banking,4.5,85.68,2024-11
ORD1849,2025-03-11,East,Home & Kitchen,Gizmo Z,13.0,286.06,48.0,Upi,2.6,3718.78,2025-03
ORD1894,2024-01-18,North,Sports,Widget B,12.0,289.84,27.0,Net Banking,1.1,3478.08,2024-01
ORD1227,2025-04-04,North,Clothing,Device Q,11.0,154.76,19.0,Net Banking,2.7,1702.36,2025-04
ORD2907,2024-08-10,North,Clothing,Gadget Y,4.0,161.21,49.0,Credit Card,3.0,644.84,2024-08
ORD2325,2024-03-04,South,Books,Widget B,12.0,186.655,32.0,Upi,1.0,2239.86,2024-03
ORD2299,2024-09-27,East,Sports,Gadget Y,7.0,110.91,43.0,Cash,2.0,776.37,2024-09
ORD1126,2024-08-18,South,Sports,Item N,7.0,93.71,62.0,Credit Card,1.1,655.97,2024-08
ORD1405,2025-03-20,North,Electronics,Gizmo Z,13.0,232.74,62.0,Cash,4.5,3025.62,2025-03
ORD1775,2024-05-24,Central,Sports,Widget B,2.0,293.84,37.0,Credit Card,4.9,587.68,2024-05
ORD1821,2024-12-28,South,Sports,Widget A,6.0,264.86,60.0,Cash,3.0,1589.16,2024-12
ORD1711,2024-11-17,North,Home & Kitchen,Device Q,11.0,133.79,56.0,Upi,3.5,1471.69,2024-11
ORD2957,2025-06-24,West,Toys,Gadget X,1.0,256.8,61.0,Upi,2.0,256.8,2025-06
ORD2060,2024-10-14,West,Clothing,Device Q,9.0,357.27,56.0,Credit Card,1.6,3215.43,2024-10
ORD2163,2024-04-29,West,Clothing,Accessory M,4.0,291.12,55.0,Cash,3.4,1164.48,2024-04
ORD1303,2024-09-20,South,Electronics,Widget B,3.0,281.15,38.0,Cash,4.9,843.45,2024-09
ORD1267,2024-11-18,Central,Sports,Gadget Y,11.0,190.62,42.0,Credit Card,4.6,2096.82,2024-11
ORD2557,2024-03-05,South,Electronics,Gadget X,6.0,156.16,22.0,Debit Card,1.4,936.96,2024-03
ORD1545,2025-01-19,South,Sports,Device Q,2.0,231.02,32.0,Credit Card,1.6,462.04,2025-01
ORD1212,2025-05-24,West,Sports,Widget A,1.0,178.69,41.0,Cash,4.1,178.69,2025-05
ORD1896,2024-06-23,West,Electronics,Widget B,3.0,182.375,26.0,Debit Card,1.8,547.12,2024-06
ORD2492,2024-08-29,East,Electronics,Device Q,13.0,142.36,22.0,Net Banking,3.0,1850.68,2024-08
ORD2222,2024-09-14,South,Sports,Gadget X,13.0,273.84,63.0,Upi,4.2,3559.92,2024-09
ORD1916,2024-11-23,West,Sports,Gizmo Z,11.0,189.81,35.0,Upi,2.4,2087.91,2024-11
ORD2551,2025-01-31,East,Toys,Item N,12.0,245.44,67.0,Upi,3.0,2945.28,2025-01
ORD1675,2025-06-08,West,Home & Kitchen,Item N,1.0,183.99,21.0,Debit Card,4.8,183.99,2025-06
ORD2289,2024-10-29,North,Clothing,Gadget X,6.0,258.77,68.0,Credit Card,4.8,1552.62,2024-10
ORD1814,2024-03-09,Central,Books,Item N,12.0,186.655,59.0,Cash,1.7,2239.86,2024-03
ORD2265,2024-01-29,East,Books,Widget A,13.0,97.9,52.0,Cash,4.4,1272.7,2024-01
ORD1342,2025-04-18,South,Home & Kitchen,Gadget X,8.0,254.96,69.0,Net Banking,1.8,2039.68,2025-04
ORD1549,2025-03-12,West,Books,Accessory M,14.0,294.3,68.0,Credit Card,4.2,4120.2,2025-03
ORD2410,2024-12-29,South,Sports,Device Q,7.0,95.69,38.0,Upi,3.5,669.83,2024-12
ORD2214,2024-01-31,Central,Clothing,Widget B,1.0,326.61,43.0,Net Banking,4.5,326.61,2024-01
ORD1966,2024-12-24,East,Sports,Device Q,9.0,153.23,42.0,Net Banking,1.2,1379.07,2024-12
ORD2230,2024-01-17,North,Electronics,Item N,13.0,179.77,27.0,Upi,1.8,2337.01,2024-01
ORD1295,2024-07-08,South,Toys,Accessory M,9.0,192.89,46.0,Upi,3.2,1736.01,2024-07
ORD1695,2025-01-11,East,Home & Kitchen,Gadget Y,4.0,112.26,22.0,Debit Card,4.1,449.04,2025-01
ORD2452,2025-02-27,South,Toys,Gizmo Z,2.0,278.16,57.0,Credit Card,4.5,556.32,2025-02
ORD1073,2024-02-10,West,Sports,Gizmo Z,10.0,424.6474999999999,54.0,Upi,1.4,4246.47,2024-02
ORD1605,2024-07-23,South,Sports,Gizmo Z,12.0,247.23,69.0,Net Banking,4.1,2966.76,2024-07
ORD1104,2025-01-27,North,Toys,Accessory M,11.0,166.3,46.0,Debit Card,4.9,1829.3,2025-01
ORD1645,2024-09-09,North,Clothing,Accessory M,12.0,125.65,43.0,Upi,4.0,1507.8,2024-09
ORD2404,2024-12-18,West,Clothing,Device Q,6.0,173.76,62.0,Credit Card,1.4,1042.56,2024-12
ORD2991,2025-05-05,West,Books,Device Q,14.0,196.08,52.0,Debit Card,1.1,2745.12,2025-05
ORD2040,2024-10-01,West,Toys,Gadget X,5.0,59.51,29.0,Debit Card,2.5,297.55,2024-10
ORD1439,2024-06-16,North,Clothing,Gadget Y,11.0,207.3,66.0,Net Banking,4.3,2280.3,2024-06
ORD2019,2024-07-19,West,Books,Device Q,7.0,183.34,36.0,Credit Card,3.0,1283.38,2024-07
ORD1091,2024-01-28,East,Books,Device Q,10.0,143.31,61.0,Net Banking,3.0,1433.1,2024-01
ORD2112,2024-08-26,South,Electronics,Widget B,13.0,254.6,50.0,Upi,4.0,3309.8,2024-08
ORD2780,2024-04-01,West,Toys,Item N,2.0,176.41,69.0,Credit Card,2.7,352.82,2024-04
ORD1908,2024-02-24,West,Home & Kitchen,Gadget X,8.0,172.55,22.0,Credit Card,3.5,1380.4,2024-02
ORD2474,2025-01-01,South,Books,Device Q,12.0,69.13,29.0,Credit Card,3.9,829.56,2025-01
ORD1102,2025-05-17,Central,Sports,Gadget Y,8.0,263.13,47.0,Credit Card,4.0,2105.04,2025-05
ORD1238,2024-10-03,East,Electronics,Widget B,4.0,200.73,61.0,Cash,2.9,802.92,2024-10
ORD1942,2025-05-28,East,Sports,Gizmo Z,8.0,77.92,59.0,Net Banking,3.5,623.36,2025-05
ORD2270,2025-04-26,North,Home & Kitchen,Device Q,3.0,143.95,61.0,Debit Card,3.4,431.85,2025-04
ORD1938,2024-05-26,North,Electronics,Device Q,2.0,87.08,57.0,Credit Card,2.3,174.16,2024-05
ORD2717,2025-02-09,South,Home & Kitchen,Accessory M,11.0,273.43,31.0,Upi,4.5,3007.73,2025-02
ORD2181,2024-02-07,Central,Electronics,Widget B,4.0,328.12,68.0,Credit Card,3.6,1312.48,2024-02
ORD2503,2025-03-02,Central,Toys,Widget B,3.0,113.0,41.0,Credit Card,3.0,339.0,2025-03
ORD2669,2024-02-05,Central,Sports,Widget B,10.0,186.63,62.0,Cash,3.0,1866.3,2024-02
ORD1005,2024-01-21,South,Sports,Gadget X,1.0,424.6474999999999,63.0,Credit Card,4.2,424.65,2024-01
ORD2842,2025-04-09,West,Toys,Gizmo Z,8.0,139.2,43.0,Upi,3.5,1113.6,2025-04
ORD1965,2024-10-07,North,Toys,Device Q,11.0,154.54,22.0,Debit Card,4.0,1699.94,2024-10
ORD1018,2025-02-17,West,Clothing,Widget B,8.0,213.74,48.0,Debit Card,4.7,1709.92,2025-02
ORD2430,2025-04-22,East,Home & Kitchen,Item N,11.0,279.83,41.0,Debit Card,2.0,3078.13,2025-04
ORD1121,2024-12-05,West,Toys,Gizmo Z,12.0,161.41,43.0,Net Banking,4.9,1936.92,2024-12
ORD1661,2024-09-30,East,Clothing,Gizmo Z,2.0,153.81,28.0,Net Banking,3.8,307.62,2024-09
ORD2707,2024-10-05,East,Toys,Gadget Y,1.0,71.76,20.0,Cash,2.1,71.76,2024-10
ORD1274,2025-01-20,West,Books,Device Q,3.0,94.78,37.0,Net Banking,4.5,284.34,2025-01
ORD1433,2024-03-14,Central,Electronics,Gadget Y,14.0,181.31,43.0,Net Banking,3.0,2538.34,2024-03
ORD1811,2024-04-04,Central,Books,Accessory M,2.0,301.7,57.0,Cash,1.8,603.4,2024-04
ORD2300,2025-05-06,East,Home & Kitchen,Item N,9.0,244.21,55.0,Credit Card,2.6,2197.89,2025-05
ORD2335,2024-10-27,East,Books,Gadget X,10.0,231.29,49.0,Credit Card,3.7,2312.9,2024-10
ORD2894,2025-05-13,Central,Sports,Device Q,3.0,215.96,38.0,Upi,2.4,647.88,2025-05
ORD2917,2025-01-04,East,Electronics,Widget A,5.0,182.375,43.0,Upi,3.5,911.88,2025-01
ORD2570,2025-03-25,Central,Home & Kitchen,Gizmo Z,3.0,184.28,40.0,Credit Card,1.6,552.84,2025-03
ORD1181,2024-05-27,North,Books,Gadget Y,8.0,397.55,48.0,Debit Card,3.0,3180.4,2024-05
ORD1184,2025-04-17,South,Electronics,Accessory M,4.0,180.57,43.0,Debit Card,2.3,722.28,2025-04
ORD1406,2024-08-20,North,Sports,Device Q,6.0,283.39,60.0,Debit Card,1.1,1700.34,2024-08
ORD1865,2025-05-15,South,Sports,Gizmo Z,10.0,104.56,61.0,Net Banking,4.8,1045.6,2025-05
ORD2630,2025-06-04,North,Home & Kitchen,Gadget X,8.0,143.89,47.0,Debit Card,4.9,1151.12,2025-06
ORD1520,2024-05-24,East,Clothing,Gizmo Z,13.0,215.82,56.0,Upi,1.1,2805.66,2024-05
ORD2003,2024-07-05,North,Home & Kitchen,Item N,4.0,178.74,27.0,Debit Card,2.3,714.96,2024-07
ORD1380,2025-05-15,West,Electronics,Device Q,1.0,229.59,56.0,Upi,1.2,229.59,2025-05
ORD2434,2024-01-02,East,Sports,Gizmo Z,11.0,190.62,18.0,Net Banking,3.0,2096.82,2024-01
ORD2658,2024-09-19,North,Toys,Gadget X,10.0,424.6474999999999,58.0,Credit Card,1.8,4246.47,2024-09
ORD2393,2024-12-21,East,Clothing,Item N,13.0,199.14,58.0,Debit Card,1.2,2588.82,2024-12
ORD2424,2024-09-24,North,Electronics,Gadget X,9.0,188.2,56.0,Debit Card,1.4,1693.8,2024-09
ORD2612,2024-02-08,West,Books,Gadget Y,9.0,101.03,43.0,Debit Card,2.5,909.27,2024-02
ORD1427,2024-08-10,East,Sports,Widget B,14.0,424.6474999999999,25.0,Cash,3.3,5945.06,2024-08
ORD1078,2024-12-09,South,Toys,Widget B,1.0,124.5,64.0,Net Banking,4.7,124.5,2024-12
ORD2597,2025-05-08,North,Books,Device Q,4.0,258.56,52.0,Credit Card,2.3,1034.24,2025-05
ORD2009,2024-03-09,East,Home & Kitchen,Widget A,6.0,189.56,38.0,Credit Card,1.0,1137.36,2024-03
ORD2661,2025-04-03,West,Sports,Widget B,12.0,192.1,44.0,Upi,4.2,2305.2,2025-04
ORD1607,2024-02-12,West,Toys,Gadget Y,2.0,49.84,61.0,Debit Card,1.4,99.68,2024-02
ORD2809,2024-09-16,East,Clothing,Gizmo Z,9.0,271.35,18.0,Cash,4.3,2442.15,2024-09
ORD2849,2025-03-11,Central,Electronics,Device Q,10.0,82.49,57.0,Credit Card,1.3,824.9,2025-03
ORD2057,2025-05-03,West,Clothing,Gadget Y,4.0,146.83,24.0,Upi,2.2,587.32,2025-05
ORD2440,2024-01-14,Central,Home & Kitchen,Widget B,9.0,386.38,18.0,Cash,2.5,3477.42,2024-01
ORD2514,2024-05-08,East,Toys,Gadget Y,11.0,112.45,43.0,Credit Card,2.3,1236.95,2024-05
ORD2585,2024-01-21,North,Clothing,Device Q,2.0,165.25,67.0,Net Banking,2.1,330.5,2024-01
ORD2091,2025-01-31,West,Home & Kitchen,Gadget Y,14.0,145.6,56.0,Credit Card,2.2,2038.4,2025-01
ORD2560,2025-04-17,Central,Clothing,Widget B,10.0,175.44,52.0,Debit Card,2.1,1754.4,2025-04
ORD2101,2024-09-07,North,Home & Kitchen,Item N,2.0,236.29,21.0,Cash,1.1,472.58,2024-09
ORD2129,2024-07-05,West,Clothing,Gadget X,4.0,141.31,62.0,Cash,4.3,565.24,2024-07
ORD2235,2024-11-21,South,Toys,Item N,3.0,174.73,29.0,Credit Card,3.0,524.19,2024-11
ORD2791,2025-05-31,Central,Toys,Gadget Y,7.0,266.63,46.0,Debit Card,3.8,1866.41,2025-05
ORD1958,2024-02-28,Central,Books,Accessory M,5.0,234.19,55.0,Upi,1.7,1170.95,2024-02
ORD2662,2024-10-06,South,Electronics,Device Q,4.0,94.92,33.0,Debit Card,5.0,379.68,2024-10
ORD1559,2025-03-21,East,Clothing,Gizmo Z,5.0,219.96,49.0,Upi,1.5,1099.8,2025-03
ORD1846,2024-11-04,West,Clothing,Widget A,12.0,347.64,31.0,Debit Card,3.0,4171.68,2024-11
ORD2770,2025-04-27,South,Books,Device Q,2.0,262.4,59.0,Upi,4.6,524.8,2025-04
ORD1690,2025-06-01,North,Home & Kitchen,Gadget Y,12.0,192.905,41.0,Net Banking,1.6,2314.86,2025-06
ORD2519,2024-03-26,West,Toys,Accessory M,10.0,247.35,67.0,Debit Card,4.6,2473.5,2024-03
ORD2965,2024-02-13,East,Sports,Gadget Y,2.0,220.08,61.0,Net Banking,4.6,440.16,2024-02
ORD2892,2024-07-29,North,Clothing,Item N,1.0,127.98,63.0,Cash,3.8,127.98,2024-07
ORD1436,2024-08-17,North,Home & Kitchen,Gadget Y,1.0,139.43,40.0,Net Banking,3.5,139.43,2024-08
ORD1490,2024-07-21,East,Toys,Item N,2.0,239.76,63.0,Debit Card,2.5,479.52,2024-07
ORD2864,2024-08-29,South,Toys,Widget A,13.0,176.43,64.0,Cash,4.4,2293.59,2024-08
ORD2629,2024-01-26,South,Clothing,Widget A,7.0,383.55,68.0,Net Banking,2.3,2684.85,2024-01
ORD2387,2025-06-07,North,Sports,Device Q,13.0,183.38,27.0,Debit Card,3.7,2383.94,2025-06
ORD1069,2024-08-04,Central,Sports,Widget B,12.0,200.64,31.0,Net Banking,4.1,2407.68,2024-08
ORD2572,2024-08-08,East,Clothing,Item N,7.0,178.81,47.0,Upi,2.3,1251.67,2024-08
ORD2184,2024-06-24,Central,Toys,Device Q,9.0,309.52,46.0,Debit Card,2.7,2785.68,2024-06
ORD1011,2024-03-28,North,Toys,Accessory M,11.0,110.67,43.0,Net Banking,4.1,1217.37,2024-03
ORD1144,2025-03-17,Central,Electronics,Gizmo Z,3.0,182.375,26.0,Debit Card,4.0,547.12,2025-03
ORD1917,2024-02-23,East,Sports,Device Q,7.0,203.76,60.0,Upi,4.0,1426.32,2024-02
ORD2541,2024-03-29,East,Sports,Item N,6.0,144.97,32.0,Net Banking,4.6,869.82,2024-03
ORD2451,2025-03-24,Central,Books,Device Q,4.0,256.4,64.0,Cash,4.3,1025.6,2025-03
ORD1639,2024-04-16,North,Home & Kitchen,Accessory M,12.0,192.14,28.0,Cash,3.6,2305.68,2024-04
ORD1176,2024-12-14,Central,Home & Kitchen,Gadget Y,13.0,74.49,57.0,Credit Card,1.2,968.37,2024-12
ORD1994,2024-12-28,Central,Clothing,Accessory M,7.0,73.81,56.0,Credit Card,1.0,516.67,2024-12
ORD1440,2024-06-18,Central,Books,Gizmo Z,4.0,146.56,37.0,Cash,2.2,586.24,2024-06
ORD1521,2024-07-19,East,Clothing,Accessory M,2.0,188.4,40.0,Net Banking,4.7,376.8,2024-07
ORD2969,2024-12-18,West,Clothing,Accessory M,4.0,424.6474999999999,20.0,Upi,1.9,1698.59,2024-12
ORD2712,2024-12-29,North,Toys,Widget A,11.0,128.69,47.0,Net Banking,1.4,1415.59,2024-12
ORD2004,2024-08-14,East,Toys,Accessory M,1.0,207.62,31.0,Net Banking,3.0,207.62,2024-08
ORD2255,2025-04-18,South,Toys,Gadget Y,1.0,353.77,50.0,Net Banking,3.9,353.77,2025-04
ORD2234,2024-12-30,North,Books,Accessory M,7.0,194.39,46.0,Net Banking,3.6,1360.73,2024-12
ORD2664,2025-06-14,South,Home & Kitchen,Widget B,6.0,117.44,43.0,Credit Card,3.0,704.64,2025-06
ORD1143,2025-05-11,North,Sports,Widget A,2.0,213.08,57.0,Credit Card,2.8,426.16,2025-05
ORD1753,2025-05-27,East,Books,Gadget X,3.0,260.21,43.0,Debit Card,3.0,780.63,2025-05
ORD1519,2025-05-16,East,Electronics,Accessory M,5.0,153.81,39.0,Net Banking,3.4,769.05,2025-05
ORD2322,2025-01-20,South,Toys,Gadget X,1.0,83.97,27.0,Cash,3.0,83.97,2025-01
ORD1822,2025-01-30,North,Electronics,Gadget Y,11.0,121.72,18.0,Upi,3.1,1338.92,2025-01
ORD1428,2024-05-12,South,Home & Kitchen,Item N,1.0,153.24,43.0,Net Banking,2.8,153.24,2024-05
ORD1612,2025-06-03,West,Books,Widget B,7.0,275.96,63.0,Upi,2.6,1931.72,2025-06
ORD2505,2025-03-03,North,Sports,Widget A,13.0,84.81,24.0,Upi,4.9,1102.53,2025-03
ORD2783,2025-03-22,West,Electronics,Item N,10.0,182.55,20.0,Net Banking,1.4,1825.5,2025-03
ORD2032,2025-05-12,South,Sports,Gadget Y,4.0,115.35,62.0,Upi,2.9,461.4,2025-05
ORD1156,2025-02-06,North,Toys,Item N,3.0,233.18,20.0,Upi,1.4,699.54,2025-02
ORD1539,2024-03-03,North,Sports,Widget B,2.0,154.04,57.0,Cash,1.3,308.08,2024-03
ORD2530,2024-10-29,West,Electronics,Gizmo Z,10.0,150.87,58.0,Cash,3.8,1508.7,2024-10
ORD2460,2024-12-26,South,Toys,Item N,11.0,147.86,18.0,Net Banking,3.9,1626.46,2024-12
ORD2290,2024-03-24,Central,Sports,Widget B,5.0,166.45,36.0,Credit Card,4.2,832.25,2024-03
ORD1461,2024-06-30,West,Home & Kitchen,Widget B,5.0,211.22,61.0,Cash,2.5,1056.1,2024-06
ORD1576,2024-10-29,West,Electronics,Item N,2.0,111.27,30.0,Upi,3.2,222.54,2024-10
ORD2362,2024-03-13,North,Clothing,Gadget X,2.0,156.58,40.0,Debit Card,2.4,313.16,2024-03
ORD1255,2024-02-06,West,Sports,Widget B,11.0,340.83,58.0,Upi,4.4,3749.13,2024-02
ORD1979,2024-12-21,West,Sports,Widget A,6.0,261.54,25.0,Credit Card,4.3,1569.24,2024-12
ORD2185,2025-03-29,East,Clothing,Gadget Y,13.0,116.93,28.0,Debit Card,2.2,1520.09,2025-03
ORD2006,2024-04-07,West,Books,Gadget X,8.0,256.71,69.0,Cash,1.5,2053.68,2024-04
ORD2521,2024-07-11,North,Home & Kitchen,Item N,12.0,132.55,54.0,Upi,1.0,1590.6,2024-07
ORD2689,2024-12-19,South,Toys,Gadget X,12.0,95.35,26.0,Net Banking,3.6,1144.2,2024-12
ORD1560,2025-03-24,North,Toys,Item N,7.0,168.31,62.0,Cash,4.1,1178.17,2025-03
ORD1208,2024-04-13,East,Clothing,Widget A,3.0,200.85,25.0,Credit Card,2.8,602.55,2024-04
ORD1910,2024-06-26,West,Electronics,Item N,10.0,196.74,19.0,Net Banking,1.7,1967.4,2024-06
ORD2311,2025-06-19,Central,Clothing,Gizmo Z,14.0,246.58,59.0,Debit Card,1.1,3452.12,2025-06
ORD1001,2025-03-11,West,Home & Kitchen,Accessory M,6.0,288.13,55.0,Credit Card,2.3,1728.78,2025-03
ORD2365,2025-02-19,Central,Electronics,Device Q,11.0,323.42,50.0,Debit Card,1.3,3557.62,2025-02
ORD1269,2024-01-18,East,Home & Kitchen,Widget B,9.0,272.62,51.0,Debit Card,3.1,2453.58,2024-01
ORD1265,2024-06-09,West,Toys,Gadget X,12.0,317.92,51.0,Cash,2.4,3815.04,2024-06
ORD1914,2024-11-08,East,Sports,Accessory M,12.0,244.67,43.0,Debit Card,1.0,2936.04,2024-11
ORD1230,2024-01-22,North,Books,Item N,12.0,205.56,67.0,Cash,4.9,2466.72,2024-01
ORD2119,2025-03-04,West,Clothing,Item N,4.0,109.04,66.0,Upi,1.3,436.16,2025-03
ORD2997,2024-03-06,East,Electronics,Widget A,4.0,60.32,23.0,Upi,4.8,241.28,2024-03
ORD1864,2024-06-28,South,Toys,Gizmo Z,8.0,137.07,44.0,Credit Card,3.0,1096.56,2024-06
ORD2066,2024-11-30,East,Home & Kitchen,Gadget Y,6.0,145.2,19.0,Upi,1.9,871.2,2024-11
ORD1873,2024-03-24,Central,Electronics,Gizmo Z,9.0,144.81,51.0,Net Banking,4.6,1303.29,2024-03
ORD2820,2025-04-27,South,Toys,Device Q,9.0,95.78,43.0,Upi,3.3,862.02,2025-04
ORD1398,2024-09-29,West,Sports,Gadget Y,14.0,264.36,23.0,Cash,2.8,3701.04,2024-09
ORD2852,2025-01-31,East,Books,Gadget X,3.0,237.33,61.0,Net Banking,3.8,711.99,2025-01
ORD2652,2025-06-06,South,Books,Widget B,10.0,188.37,38.0,Debit Card,3.1,1883.7,2025-06
ORD1045,2024-04-01,West,Clothing,Gizmo Z,11.0,140.39,41.0,Net Banking,2.7,1544.29,2024-04
ORD1161,2025-03-14,Central,Clothing,Widget B,4.0,189.22,45.0,Credit Card,2.9,756.88,2025-03
ORD1991,2025-02-04,South,Toys,Gizmo Z,14.0,154.48,37.0,Debit Card,3.3,2162.72,2025-02
ORD1727,2024-08-12,East,Sports,Accessory M,9.0,95.89,20.0,Debit Card,1.5,863.01,2024-08
ORD1629,2024-02-15,East,Toys,Gadget Y,8.0,159.25,34.0,Upi,2.8,1274.0,2024-02
ORD1288,2025-05-26,North,Electronics,Gadget Y,4.0,240.7,29.0,Credit Card,4.1,962.8,2025-05
ORD2613,2024-06-07,East,Clothing,Item N,7.0,68.55,60.0,Net Banking,3.9,479.85,2024-06
ORD2059,2024-02-16,South,Home & Kitchen,Item N,7.0,192.905,64.0,Credit Card,4.0,1350.34,2024-02
ORD2981,2024-05-15,Central,Clothing,Item N,3.0,224.11,43.0,Cash,2.4,672.33,2024-05
ORD1575,2025-02-04,East,Home & Kitchen,Gadget Y,12.0,214.87,49.0,Credit Card,3.0,2578.44,2025-02
ORD1850,2024-11-08,Central,Home & Kitchen,Item N,5.0,153.65,28.0,Upi,4.2,768.25,2024-11
ORD2339,2024-08-01,North,Sports,Gizmo Z,14.0,109.5,36.0,Net Banking,3.1,1533.0,2024-08
ORD1911,2025-01-25,South,Toys,Widget A,13.0,128.28,52.0,Credit Card,3.5,1667.64,2025-01
ORD2254,2024-01-22,West,Electronics,Gadget X,9.0,257.01,31.0,Debit Card,3.0,2313.09,2024-01
ORD2833,2024-03-05,West,Clothing,Widget B,5.0,152.43,43.0,Debit Card,3.6,762.15,2024-03
ORD2722,2025-05-23,South,Toys,Accessory M,5.0,176.175,36.0,Debit Card,4.1,880.88,2025-05
ORD2845,2024-11-03,Central,Electronics,Gadget Y,5.0,88.77,41.0,Upi,4.1,443.85,2024-11
ORD2735,2025-02-09,Central,Home & Kitchen,Widget A,1.0,90.2,65.0,Upi,3.4,90.2,2025-02
ORD1932,2024-06-30,Central,Books,Accessory M,8.0,33.79,52.0,Credit Card,3.9,270.32,2024-06
ORD2100,2025-02-17,West,Home & Kitchen,Gadget X,4.0,123.57,25.0,Debit Card,4.5,494.28,2025-02
ORD2657,2024-11-15,West,Home & Kitchen,Gizmo Z,8.0,358.18,22.0,Cash,5.0,2865.44,2024-11
ORD2207,2024-12-10,South,Home & Kitchen,Widget B,11.0,424.6474999999999,18.0,Cash,1.9,4671.12,2024-12
ORD1247,2024-06-20,North,Home & Kitchen,Device Q,7.0,281.01,53.0,Cash,2.1,1967.07,2024-06
ORD1476,2024-12-13,North,Toys,Widget B,13.0,273.24,41.0,Debit Card,4.2,3552.12,2024-12
ORD2694,2025-03-28,North,Electronics,Device Q,13.0,222.3,43.0,Upi,4.0,2889.9,2025-03
ORD1085,2025-02-22,East,Sports,Gadget Y,5.0,190.62,21.0,Net Banking,2.7,953.1,2025-02
ORD1469,2024-08-07,South,Clothing,Widget B,10.0,367.29,34.0,Credit Card,1.5,3672.9,2024-08
ORD1225,2025-02-04,North,Toys,Device Q,11.0,168.34,43.0,Net Banking,1.2,1851.74,2025-02
ORD1774,2024-05-22,West,Toys,Gizmo Z,10.0,151.02,48.0,Debit Card,2.1,1510.2,2024-05
ORD1331,2024-06-02,East,Books,Device Q,12.0,147.9,19.0,Credit Card,4.0,1774.8,2024-06
ORD1233,2024-12-30,East,Electronics,Device Q,13.0,194.34,34.0,Cash,1.4,2526.42,2024-12
ORD1588,2024-11-03,North,Clothing,Gizmo Z,5.0,249.16,43.0,Credit Card,1.6,1245.8,2024-11
ORD1475,2025-01-21,South,Electronics,Gadget X,11.0,130.34,63.0,Net Banking,3.1,1433.74,2025-01
ORD2284,2025-04-03,West,Sports,Gadget Y,6.0,129.66,43.0,Upi,2.8,777.96,2025-04
ORD2895,2025-06-23,Central,Toys,Gadget X,9.0,199.2,63.0,Upi,2.6,1792.8,2025-06
ORD1599,2025-02-04,South,Toys,Widget B,6.0,124.59,18.0,Credit Card,3.9,747.54,2025-02
ORD1421,2024-05-23,Central,Home & Kitchen,Gadget X,5.0,105.87,32.0,Upi,1.1,529.35,2024-05
ORD2711,2024-09-04,Central,Toys,Gadget X,14.0,217.64,69.0,Debit Card,1.8,3046.96,2024-09
ORD1182,2025-05-03,Central,Toys,Widget A,3.0,316.32,56.0,Debit Card,4.5,948.96,2025-05
ORD1988,2024-06-16,Central,Books,Gadget X,10.0,110.34,59.0,Debit Card,3.9,1103.4,2024-06
ORD2000,2024-01-11,East,Electronics,Gizmo Z,14.0,129.32,27.0,Credit Card,3.4,1810.48,2024-01
ORD2641,2024-07-20,Central,Clothing,Widget A,13.0,149.27,64.0,Net Banking,3.9,1940.51,2024-07
ORD2356,2024-05-22,North,Electronics,Widget A,9.0,212.06,56.0,Credit Card,1.4,1908.54,2024-05
ORD2462,2024-05-12,West,Toys,Gadget Y,2.0,147.48,67.0,Debit Card,1.3,294.96,2024-05
ORD1049,2025-05-23,East,Toys,Widget A,14.0,49.32,24.0,Cash,3.0,690.48,2025-05
ORD2902,2024-11-15,Central,Clothing,Gizmo Z,4.0,75.87,23.0,Credit Card,1.1,303.48,2024-11
ORD2029,2024-01-25,Central,Home & Kitchen,Widget B,10.0,102.99,60.0,Cash,3.0,1029.9,2024-01
ORD1529,2024-09-07,Central,Clothing,Accessory M,6.0,215.33,47.0,Cash,4.6,1291.98,2024-09
ORD2258,2024-11-01,West,Books,Item N,6.0,312.4,26.0,Credit Card,3.0,1874.4,2024-11
ORD1486,2024-06-21,Central,Toys,Gizmo Z,11.0,147.2,69.0,Net Banking,1.9,1619.2,2024-06
ORD2978,2024-05-07,East,Sports,Gadget Y,14.0,215.25,43.0,Credit Card,3.6,3013.5,2024-05
ORD1497,2024-08-20,North,Toys,Gadget Y,3.0,175.94,57.0,Net Banking,1.8,527.82,2024-08
ORD2646,2024-04-17,Central,Clothing,Widget A,6.0,174.44,48.0,Debit Card,2.9,1046.64,2024-04
ORD1106,2024-01-15,South,Toys,Accessory M,8.0,149.94,69.0,Cash,2.0,1199.52,2024-01
ORD1443,2025-05-31,East,Home & Kitchen,Gizmo Z,6.0,248.04,54.0,Cash,3.9,1488.24,2025-05
ORD2512,2024-01-08,East,Clothing,Widget B,12.0,138.51,53.0,Credit Card,4.5,1662.12,2024-01
ORD1646,2024-10-29,West,Electronics,Item N,7.0,424.6474999999999,59.0,Debit Card,3.3,2972.53,2024-10
ORD2036,2025-03-10,East,Sports,Accessory M,8.0,289.25,26.0,Upi,2.2,2314.0,2025-03
ORD2762,2024-10-15,North,Toys,Gadget Y,2.0,70.93,33.0,Cash,3.0,141.86,2024-10
ORD1726,2024-04-27,South,Clothing,Device Q,2.0,193.65,51.0,Credit Card,2.5,387.3,2024-04
ORD1190,2024-12-11,North,Home & Kitchen,Gadget X,3.0,86.45,53.0,Debit Card,3.1,259.35,2024-12
ORD2788,2024-02-29,South,Books,Gizmo Z,14.0,178.11,43.0,Cash,3.0,2493.54,2024-02
ORD2856,2024-04-29,South,Home & Kitchen,Widget B,14.0,192.905,35.0,Debit Card,3.0,2700.67,2024-04
ORD1282,2025-02-11,West,Home & Kitchen,Item N,13.0,226.91,56.0,Credit Card,3.8,2949.83,2025-02
ORD1029,2025-05-25,West,Toys,Widget B,12.0,82.32,61.0,Upi,4.3,987.84,2025-05
ORD1169,2025-05-25,Central,Toys,Device Q,5.0,127.26,41.0,Cash,2.4,636.3,2025-05
ORD2001,2025-05-26,South,Sports,Item N,13.0,237.68,43.0,Upi,4.7,3089.84,2025-05
ORD2204,2024-04-01,East,Sports,Widget B,2.0,249.33,23.0,Upi,3.1,498.66,2024-04
ORD1100,2024-01-05,Central,Clothing,Widget B,6.0,122.0,56.0,Cash,1.8,732.0,2024-01
ORD1197,2024-01-09,South,Sports,Device Q,1.0,153.03,33.0,Credit Card,4.4,153.03,2024-01
ORD1495,2025-02-05,Central,Books,Gadget Y,9.0,174.81,19.0,Cash,3.9,1573.29,2025-02
ORD2745,2025-03-04,North,Electronics,Widget A,12.0,138.49,31.0,Net Banking,1.2,1661.88,2025-03
ORD1647,2024-02-25,North,Home & Kitchen,Gadget Y,7.0,270.37,56.0,Debit Card,3.0,1892.59,2024-02
ORD1987,2024-10-13,East,Home & Kitchen,Item N,1.0,221.16,38.0,Net Banking,1.0,221.16,2024-10
ORD1044,2024-12-05,East,Books,Accessory M,7.0,248.05,41.0,Debit Card,1.2,1736.35,2024-12
ORD2962,2025-04-07,Central,Home & Kitchen,Gizmo Z,13.0,192.905,58.0,Net Banking,2.0,2507.76,2025-04
ORD1710,2024-01-06,East,Clothing,Widget B,12.0,238.09,37.0,Upi,3.0,2857.08,2024-01
ORD1373,2024-09-09,East,Books,Widget B,7.0,144.32,18.0,Debit Card,4.7,1010.24,2024-09
ORD1678,2025-01-28,North,Books,Gizmo Z,8.0,89.62,30.0,Credit Card,3.4,716.96,2025-01
ORD1566,2024-06-02,East,Toys,Gizmo Z,9.0,241.23,57.0,Credit Card,4.7,2171.07,2024-06
ORD2672,2024-12-18,Central,Electronics,Gizmo Z,2.0,238.21,37.0,Cash,2.0,476.42,2024-12
ORD1847,2024-05-16,South,Home & Kitchen,Gadget Y,1.0,249.68,19.0,Upi,1.8,249.68,2024-05
ORD1460,2025-03-20,East,Books,Widget A,1.0,121.12,43.0,Net Banking,2.8,121.12,2025-03
ORD2437,2024-11-13,South,Electronics,Gizmo Z,12.0,91.31,37.0,Net Banking,4.2,1095.72,2024-11
ORD2155,2024-01-20,South,Toys,Accessory M,7.0,176.175,26.0,Net Banking,4.1,1233.23,2024-01
ORD1039,2025-01-22,South,Books,Gizmo Z,3.0,74.31,21.0,Net Banking,3.1,222.93,2025-01
ORD1434,2025-05-06,East,Sports,Widget B,12.0,144.66,39.0,Debit Card,2.8,1735.92,2025-05
ORD1973,2024-01-29,North,Toys,Accessory M,14.0,41.8,49.0,Cash,3.0,585.2,2024-01
ORD2239,2024-08-20,West,Home & Kitchen,Gadget X,11.0,154.36,35.0,Net Banking,2.2,1697.96,2024-08
ORD2007,2024-02-24,West,Toys,Gizmo Z,8.0,189.88,28.0,Debit Card,1.3,1519.04,2024-02
ORD2579,2024-02-12,East,Books,Gizmo Z,6.0,91.64,18.0,Credit Card,1.1,549.84,2024-02
ORD2590,2025-02-02,North,Sports,Item N,11.0,306.32,19.0,Cash,2.0,3369.52,2025-02
ORD2786,2024-09-10,North,Clothing,Gadget Y,14.0,142.37,25.0,Credit Card,4.6,1993.18,2024-09
ORD2498,2024-07-03,East,Books,Widget B,14.0,405.5,27.0,Upi,1.9,5677.0,2024-07
ORD1456,2024-05-11,East,Sports,Item N,6.0,257.15,31.0,Debit Card,3.0,1542.9,2024-05
ORD2835,2024-07-31,West,Home & Kitchen,Gadget X,2.0,246.46,43.0,Upi,1.2,492.92,2024-07
ORD1260,2024-06-29,East,Toys,Widget B,7.0,76.45,67.0,Net Banking,2.0,535.15,2024-06
ORD2840,2024-06-21,Central,Clothing,Gadget X,6.0,184.79,43.0,Upi,3.8,1108.74,2024-06
ORD1035,2025-04-29,West,Home & Kitchen,Device Q,3.0,73.09,51.0,Upi,4.3,219.27,2025-04
ORD1827,2024-12-21,East,Home & Kitchen,Gizmo Z,1.0,232.86,65.0,Cash,3.1,232.86,2024-12
ORD1309,2024-02-16,South,Home & Kitchen,Accessory M,12.0,100.19,43.0,Credit Card,3.2,1202.28,2024-02
ORD1276,2025-01-27,North,Electronics,Gadget Y,7.0,249.82,46.0,Debit Card,3.0,1748.74,2025-01
ORD1636,2024-08-26,East,Books,Widget B,8.0,178.62,45.0,Upi,1.9,1428.96,2024-08
ORD1654,2024-12-30,Central,Sports,Widget B,4.0,231.37,64.0,Net Banking,1.3,925.48,2024-12
ORD1622,2025-04-10,West,Sports,Item N,8.0,67.51,43.0,Debit Card,3.8,540.08,2025-04
ORD2859,2024-05-08,West,Clothing,Gadget X,13.0,79.52,68.0,Debit Card,3.6,1033.76,2024-05
ORD1844,2025-01-05,South,Sports,Accessory M,9.0,93.51,23.0,Cash,3.5,841.59,2025-01
ORD1393,2024-02-06,Central,Toys,Gadget X,8.0,157.17,26.0,Credit Card,5.0,1257.36,2024-02
ORD2769,2025-03-11,East,Toys,Device Q,5.0,266.49,21.0,Debit Card,3.1,1332.45,2025-03
ORD1107,2025-04-05,Central,Clothing,Widget A,12.0,347.44,43.0,Cash,1.2,4169.28,2025-04
ORD1349,2025-06-05,North,Electronics,Gizmo Z,13.0,109.24,23.0,Upi,3.0,1420.12,2025-06
ORD1524,2025-01-24,North,Sports,Item N,12.0,178.57,59.0,Net Banking,4.3,2142.84,2025-01
ORD1784,2025-05-14,East,Electronics,Gadget X,12.0,127.92,26.0,Debit Card,3.8,1535.04,2025-05
ORD1047,2025-03-30,East,Electronics,Widget A,10.0,289.85,43.0,Debit Card,4.2,2898.5,2025-03
ORD1203,2024-05-31,Central,Sports,Gadget X,6.0,114.42,45.0,Net Banking,1.2,686.52,2024-05
ORD2655,2025-03-16,Central,Home & Kitchen,Widget A,4.0,348.88,58.0,Credit Card,2.3,1395.52,2025-03
ORD1021,2024-10-03,West,Clothing,Gadget Y,12.0,104.58,18.0,Cash,3.7,1254.96,2024-10
ORD1402,2024-01-19,Central,Books,Gizmo Z,2.0,163.26,62.0,Credit Card,3.9,326.52,2024-01
ORD2107,2025-04-21,Central,Books,Item N,11.0,192.22,20.0,Net Banking,2.2,2114.42,2025-04
ORD2154,2024-04-08,South,Books,Device Q,10.0,103.65,68.0,Net Banking,2.2,1036.5,2024-04
ORD2439,2025-01-15,North,Sports,Gadget Y,6.0,193.5,25.0,Net Banking,1.8,1161.0,2025-01
ORD1989,2024-09-24,North,Electronics,Widget A,12.0,166.74,18.0,Debit Card,4.3,2000.88,2024-09
ORD2865,2024-08-19,West,Clothing,Widget A,9.0,185.34,69.0,Cash,2.4,1668.06,2024-08
ORD1741,2024-06-16,West,Books,Gadget Y,4.0,264.94,43.0,Cash,3.2,1059.76,2024-06
ORD2721,2025-05-14,South,Books,Widget A,8.0,316.65,25.0,Cash,1.3,2533.2,2025-05
ORD2310,2024-12-14,South,Home & Kitchen,Gadget Y,5.0,223.37,39.0,Debit Card,3.2,1116.85,2024-12
ORD2147,2024-08-05,East,Books,Item N,4.0,119.4,69.0,Debit Card,4.8,477.6,2024-08
ORD1033,2025-05-19,West,Toys,Item N,9.0,169.91,25.0,Credit Card,2.2,1529.19,2025-05
ORD1787,2025-04-22,East,Sports,Device Q,3.0,145.02,56.0,Debit Card,2.7,435.06,2025-04
ORD2540,2024-06-09,West,Electronics,Gadget X,9.0,186.53,53.0,Debit Card,3.7,1678.77,2024-06
ORD1923,2024-04-05,North,Books,Widget B,9.0,155.48,50.0,Upi,4.9,1399.32,2024-04
ORD2043,2024-11-25,East,Home & Kitchen,Accessory M,9.0,240.08,38.0,Net Banking,3.7,2160.72,2024-11
ORD2959,2025-04-07,East,Electronics,Accessory M,8.0,78.26,43.0,Cash,3.0,626.08,2025-04
ORD2243,2024-08-09,Central,Books,Widget A,4.0,121.86,25.0,Debit Card,1.8,487.44,2024-08
ORD2915,2024-04-28,Central,Toys,Accessory M,12.0,143.48,45.0,Cash,3.0,1721.76,2024-04
ORD1579,2024-03-15,South,Sports,Widget A,5.0,253.35,41.0,Cash,4.8,1266.75,2024-03
ORD1481,2025-01-03,East,Clothing,Item N,4.0,393.87,36.0,Cash,4.0,1575.48,2025-01
ORD1931,2024-06-13,Central,Sports,Gadget X,9.0,162.71,26.0,Credit Card,4.6,1464.39,2024-06
ORD1356,2024-01-16,North,Electronics,Accessory M,6.0,345.02,35.0,Net Banking,3.2,2070.12,2024-01
ORD2685,2024-12-07,West,Clothing,Gizmo Z,10.0,376.95,41.0,Credit Card,4.6,3769.5,2024-12
ORD2248,2024-08-29,East,Clothing,Item N,5.0,70.98,26.0,Debit Card,2.1,354.9,2024-08
ORD1759,2024-10-17,West,Toys,Widget B,12.0,164.59,21.0,Net Banking,4.3,1975.08,2024-10
ORD1092,2024-05-14,Central,Sports,Gadget X,1.0,195.8,32.0,Upi,3.2,195.8,2024-05
ORD2175,2024-02-09,East,Electronics,Widget B,10.0,83.4,34.0,Net Banking,3.6,834.0,2024-02
ORD2415,2024-09-06,West,Home & Kitchen,Gizmo Z,13.0,418.78,43.0,Cash,1.4,5444.14,2024-09
ORD2341,2025-02-04,East,Books,Gizmo Z,3.0,189.76,35.0,Cash,3.8,569.28,2025-02
ORD2472,2025-05-11,North,Home & Kitchen,Accessory M,8.0,158.5,22.0,Credit Card,2.0,1268.0,2025-05
ORD1803,2024-01-15,East,Electronics,Accessory M,8.0,272.29,37.0,Cash,2.3,2178.32,2024-01
ORD1745,2025-02-22,Central,Sports,Widget B,5.0,118.87,41.0,Upi,1.2,594.35,2025-02
ORD2546,2024-04-11,Central,Clothing,Gadget Y,9.0,188.4,49.0,Net Banking,2.1,1695.6,2024-04
ORD1279,2024-02-08,Central,Toys,Widget A,10.0,307.54,61.0,Upi,1.7,3075.4,2024-02
ORD2607,2024-12-15,East,Toys,Widget A,10.0,77.68,42.0,Credit Card,2.1,776.8,2024-12
ORD1764,2025-02-13,North,Toys,Widget A,8.0,104.28,19.0,Cash,3.3,834.24,2025-02
ORD1604,2025-03-25,Central,Sports,Gizmo Z,4.0,180.54,34.0,Credit Card,3.0,722.16,2025-03
ORD2373,2025-01-17,North,Clothing,Widget A,7.0,424.6474999999999,26.0,Net Banking,1.9,2972.53,2025-01
ORD2951,2024-07-21,East,Clothing,Gadget Y,10.0,424.6474999999999,43.0,Credit Card,1.6,4246.47,2024-07
ORD2398,2024-11-07,East,Books,Item N,1.0,92.82,32.0,Net Banking,4.6,92.82,2024-11
ORD1400,2024-12-07,West,Sports,Gadget Y,7.0,190.19,26.0,Net Banking,3.1,1331.33,2024-12
ORD1257,2024-12-14,South,Sports,Device Q,2.0,166.12,18.0,Debit Card,3.8,332.24,2024-12
ORD1944,2025-01-20,West,Toys,Widget A,4.0,83.95,24.0,Debit Card,5.0,335.8,2025-01
ORD2875,2024-01-08,Central,Home & Kitchen,Widget B,8.0,72.06,39.0,Cash,3.0,576.48,2024-01
ORD2096,2024-04-17,North,Clothing,Widget A,13.0,151.67,61.0,Debit Card,5.0,1971.71,2024-04
ORD2219,2025-03-12,South,Toys,Device Q,7.0,190.24,65.0,Credit Card,3.3,1331.68,2025-03
ORD2507,2024-05-30,South,Sports,Widget B,1.0,211.37,38.0,Credit Card,2.0,211.37,2024-05
ORD2879,2024-02-12,Central,Clothing,Device Q,14.0,222.43,66.0,Credit Card,3.2,3114.02,2024-02
ORD2161,2024-01-03,North,Toys,Accessory M,5.0,60.26,18.0,Debit Card,3.0,301.3,2024-01
ORD1494,2025-03-16,Central,Clothing,Item N,10.0,223.64,25.0,Upi,3.0,2236.4,2025-03
ORD1772,2025-02-25,West,Books,Gadget Y,13.0,288.38,45.0,Debit Card,4.4,3748.94,2025-02
ORD1550,2024-01-23,South,Books,Gadget Y,6.0,178.85,37.0,Upi,2.8,1073.1,2024-01
ORD2486,2024-02-28,East,Clothing,Accessory M,11.0,160.39,65.0,Debit Card,2.3,1764.29,2024-02
ORD1201,2024-05-10,South,Books,Item N,7.0,202.49,29.0,Debit Card,3.1,1417.43,2024-05
ORD1312,2024-04-15,North,Sports,Widget B,2.0,187.41,47.0,Debit Card,3.6,374.82,2024-04
ORD1290,2025-04-15,North,Clothing,Gadget Y,9.0,424.6474999999999,43.0,Credit Card,4.5,3821.83,2025-04
ORD2984,2024-05-08,North,Sports,Widget A,14.0,200.72,58.0,Upi,1.0,2810.08,2024-05
ORD2213,2024-05-12,West,Toys,Gizmo Z,5.0,32.77,56.0,Net Banking,2.8,163.85,2024-05
ORD1763,2024-03-18,East,Sports,Gizmo Z,11.0,424.6474999999999,61.0,Cash,3.4,4671.12,2024-03
ORD2136,2024-01-11,East,Toys,Accessory M,5.0,260.38,46.0,Net Banking,3.2,1301.9,2024-01
ORD1949,2024-09-17,East,Books,Accessory M,7.0,186.655,52.0,Cash,3.0,1306.58,2024-09
ORD1183,2024-12-03,Central,Toys,Gizmo Z,6.0,184.71,63.0,Credit Card,2.3,1108.26,2024-12
ORD2176,2025-06-20,Central,Sports,Device Q,8.0,116.67,42.0,Debit Card,4.6,933.36,2025-06
ORD2848,2024-08-14,South,Electronics,Accessory M,9.0,139.06,62.0,Debit Card,5.0,1251.54,2024-08
ORD2349,2024-08-12,Central,Books,Widget B,12.0,191.41,50.0,Credit Card,3.0,2296.92,2024-08
ORD2727,2025-03-24,Central,Toys,Gizmo Z,6.0,77.75,43.0,Cash,5.0,466.5,2025-03
ORD2068,2024-05-16,North,Sports,Widget A,11.0,161.13,64.0,Upi,4.7,1772.43,2024-05
ORD2811,2024-12-24,North,Electronics,Widget B,11.0,86.79,26.0,Net Banking,5.0,954.69,2024-12
ORD2030,2024-02-08,North,Sports,Accessory M,12.0,84.18,43.0,Debit Card,1.9,1010.16,2024-02
ORD1250,2025-04-21,Central,Books,Item N,9.0,144.21,68.0,Credit Card,3.0,1297.89,2025-04
ORD1823,2024-08-05,South,Toys,Widget B,8.0,207.73,39.0,Credit Card,1.3,1661.84,2024-08
ORD2099,2024-06-18,West,Sports,Gadget X,6.0,33.45,18.0,Upi,2.9,200.7,2024-06
ORD2536,2024-10-30,South,Electronics,Item N,7.0,110.23,54.0,Credit Card,4.4,771.61,2024-10
ORD1940,2024-10-11,Central,Books,Widget A,12.0,186.655,30.0,Cash,4.6,2239.86,2024-10
ORD1391,2024-04-05,West,Electronics,Widget A,5.0,223.22,50.0,Net Banking,3.2,1116.1,2024-04
ORD2919,2025-05-02,East,Toys,Gadget Y,4.0,351.14,51.0,Credit Card,1.7,1404.56,2025-05
ORD2456,2024-10-13,Central,Sports,Gadget Y,6.0,190.62,51.0,Cash,3.0,1143.72,2024-10
ORD2092,2024-06-09,North,Books,Widget A,8.0,270.54,65.0,Cash,3.0,2164.32,2024-06
ORD2191,2024-08-11,North,Books,Widget A,8.0,248.51,19.0,Upi,2.0,1988.08,2024-08
ORD1904,2025-04-02,East,Home & Kitchen,Device Q,7.0,424.6474999999999,55.0,Net Banking,3.7,2972.53,2025-04
ORD1554,2024-03-25,West,Electronics,Widget B,3.0,134.56,47.0,Net Banking,2.0,403.68,2024-03
ORD1366,2025-02-20,Central,Clothing,Gizmo Z,5.0,422.4,44.0,Cash,2.4,2112.0,2025-02
ORD1345,2024-10-15,West,Sports,Gizmo Z,8.0,190.62,43.0,Upi,1.0,1524.96,2024-10
ORD2608,2025-04-03,West,Books,Item N,3.0,125.97,37.0,Cash,3.7,377.91,2025-04
ORD1535,2024-08-11,South,Books,Gadget X,3.0,352.94,63.0,Net Banking,3.0,1058.82,2024-08
ORD2422,2024-07-04,East,Books,Item N,7.0,327.33,33.0,Credit Card,1.1,2291.31,2024-07
ORD2209,2024-12-21,South,Home & Kitchen,Accessory M,2.0,309.13,57.0,Upi,1.9,618.26,2024-12
ORD2372,2024-09-07,South,Electronics,Gadget Y,7.0,142.22,43.0,Credit Card,2.6,995.54,2024-09
ORD2639,2024-02-29,South,Electronics,Widget B,9.0,171.65,21.0,Debit Card,1.0,1544.85,2024-02
ORD1919,2024-08-16,North,Books,Widget A,10.0,289.83,20.0,Upi,3.0,2898.3,2024-08
ORD1211,2024-04-21,Central,Sports,Gadget Y,9.0,197.28,63.0,Debit Card,4.6,1775.52,2024-04
ORD2603,2025-02-23,South,Electronics,Gizmo Z,11.0,180.85,51.0,Debit Card,1.2,1989.35,2025-02
ORD1502,2025-05-27,South,Home & Kitchen,Gadget X,6.0,84.66,53.0,Debit Card,3.4,507.96,2025-05
ORD1537,2024-06-25,East,Home & Kitchen,Gizmo Z,12.0,250.61,30.0,Credit Card,4.2,3007.32,2024-06
ORD2220,2024-03-22,North,Home & Kitchen,Widget B,6.0,204.12,39.0,Credit Card,2.9,1224.72,2024-03
ORD1175,2025-04-08,South,Sports,Gadget X,12.0,135.55,40.0,Debit Card,4.9,1626.6,2025-04
